open	high	low	close	volume	companyName	datetime	SMA20	SMA40	SMA100	SMA200	trendlower	trendhigher	tip_vela	cncf01	tip_caida	id_cncf01	ind_posicion	id_cncf	ind_high	iniTrendLow	x	sl_highs	interc_highs	trend
149.96	150.01	147.62	147.89	11481621	AAPL	2022-12-05 11:00:00	147.56239499999998	145.23683	147.617912					0		3.0	-1	1	150.01	True	0			
147.9	148.2	146.37	146.468	7183290	AAPL	2022-12-05 12:00:00	147.485295	145.2695325	147.581892					0		3.0	-1	1	148.2	False	1			
146.451	147.28	146.42	146.66	4656347	AAPL	2022-12-05 13:00:00	147.40729500000003	145.31530249999997	147.557792				inverted_hammer	0		3.0	-1	1			2			
146.66	146.9	146.12	146.1602	4226226	AAPL	2022-12-05 14:00:00	147.301805	145.3701325	147.53669399999998					0		3.0	-1	1			3			
146.16	146.43	145.77	146.0353	4696792	AAPL	2022-12-05 15:00:00	147.19302	145.422515	147.519697					0		3.0	-1	1			4			
146.03	146.8	145.8	146.61	8510858	AAPL	2022-12-05 16:00:00	147.140525	145.482265	147.501497					0		3.0	-1	1			5	-0.39703090909090916	148.81382813852812	146.82867359307357
147.4	147.6	146.264	147.21	125761	AAPL	2022-12-06 09:00:00	147.105025	145.54801500000002	147.486097				hammer	0		3.0	-1	1	147.6	False	6	-0.39703090909090916	148.81382813852812	146.43164268398266
147.21	147.47	145.11	145.1308	6013507	AAPL	2022-12-06 10:00:00	146.95135	145.597785	147.451305					0		3.0	-1	1			7	-0.39703090909090916	148.81382813852812	146.03461177489177
145.135	145.36	143.56	144.125	8455975	AAPL	2022-12-06 11:00:00	146.715815	145.5939625	147.4021					0		3.0	-1	1			8	-0.39703090909090916	148.81382813852812	145.63758086580086
144.12	145.015	143.85	144.56	6193134	AAPL	2022-12-06 12:00:00	146.527315	145.6554625	147.3599					0		3.0	-1	1			9	-0.39703090909090916	148.81382813852812	145.24054995670994
144.55	144.89	143.86	143.97	4336651	AAPL	2022-12-06 13:00:00	146.435815	145.7163475	147.3408					0		3.0	-1	1			10	-0.39703090909090916	148.81382813852812	144.84351904761903
143.98	144.19	143.11	143.57	6259111	AAPL	2022-12-06 14:00:00	146.301315	145.7769725	147.3016					0		3.0	-1	1			11	-0.39703090909090916	148.81382813852812	144.4464881385281
143.5722	143.6	141.92	142.4599	6830723	AAPL	2022-12-06 15:00:00	146.11381	145.8239675	147.244699					0		3.0	-1	1			12	-0.39703090909090916	148.81382813852812	144.04945722943722
142.47	143.01	141.98	142.92	10712349	AAPL	2022-12-06 16:00:00	145.927955	145.86796750000002	147.173949	145.777265				0		3.0	-1	1			13	-0.39703090909090916	148.81382813852812	143.6524263203463
141.354	142.96	140.47	141.51	358126	AAPL	2022-12-07 09:00:00	145.691455	145.8717175	147.077449	145.706965				0		3.0	-1	1			14	-0.39703090909090916	148.81382813852812	143.2553954112554
141.6	143.37	140.64	140.8599	9111601	AAPL	2022-12-07 10:00:00	145.410955	145.8441975	146.97519799999998	145.6469495			inverted_hammer	0		3.0	-1	1			15	-0.39703090909090916	148.81382813852812	142.85836450216448
140.86	142.23	140.58	141.8801	10600927	AAPL	2022-12-07 11:00:00	145.15896	145.8617	146.89179099999998	145.6061				0		3.0	-1	1			16	-0.39703090909090916	148.81382813852812	142.4613335930736
141.88	142.16	140.6	141.08	6296048	AAPL	2022-12-07 12:00:00	144.82296	145.8497	146.79509099999999	145.56119999999999				0		3.0	-1	1			17	-0.39703090909090916	148.81382813852812	142.06430268398267
141.08	141.3589	140.69	140.89	4887025	AAPL	2022-12-07 13:00:00	144.49746	145.8406775	146.684991	145.515325				0		3.0	-1	1			18	-0.39703090909090916	148.81382813852812	141.66727177489176
140.89	141.43	140.72	140.865	4319120	AAPL	2022-12-07 14:00:00	144.04271	145.75755250000003	146.578841	145.4691			inverted_hammer	0		3.0	-1	1			19	-0.39703090909090916	148.81382813852812	141.27024086580084
140.86	141.45	140.63	140.745	4874529	AAPL	2022-12-07 15:00:00	143.68545999999998	145.6239275	146.476386	145.417975	140.745		inverted_hammer	1	CN	3.0	0	1			20	-0.39703090909090916	148.81382813852812	140.87320995670993
140.75	141.15	140.0	140.94	11225975	AAPL	2022-12-07 16:00:00	143.40906	145.4471775	146.371586	145.369825			hammer	0		3.0	1	1			21	-0.39703090909090916	148.81382813852812	140.47617904761904
141.34	142.75	140.5	142.57	298195	AAPL	2022-12-08 09:00:00	143.20456000000001	145.3059275	146.290786	145.338375				0		3.0	1	1			22	-0.39703090909090916	148.81382813852812	140.07914813852813
142.58	142.78	141.1	142.46	6823263	AAPL	2022-12-08 10:00:00	143.01955	145.1606775	146.205486	145.307275			hammer	0		3.0	1	1			23	-0.39703090909090916	148.81382813852812	139.6821172294372
142.47	143.52	142.17	142.99	8648514	AAPL	2022-12-08 11:00:00	142.86728499999998	145.0301525	146.123286	145.275725		142.99		0		3.0	1	1			24	-0.39703090909090916	148.81382813852812	139.2850863203463
143.01	143.24	142.15	142.8041	6068277	AAPL	2022-12-08 12:00:00	142.67699	144.9087575	146.03822699999998	145.2451725				0		3.0	1	1			25			
142.8026	143.05	141.88	142.43	4586748	AAPL	2022-12-08 13:00:00	142.43798999999999	144.7715075	145.95982700000002	145.2112725				0		3.0	1	1			26			
142.425	143.27	142.19	142.6101	4194723	AAPL	2022-12-08 14:00:00	142.31195499999998	144.6316525	145.88952799999998	145.17917300000002			inverted_hammer	0		3.0	1	1			27			
142.6145	142.73	141.55	142.42	6120754	AAPL	2022-12-08 15:00:00	142.22670499999998	144.47126	145.833127	145.152348	142.42		hammer	0		3.0	1	1			28			
142.42	142.9999	142.07	142.67	7993330	AAPL	2022-12-08 16:00:00	142.132205	144.32976000000002	145.779067	145.14064799999997				0		3.0	1	1			29			
143.6492	144.1	141.49	142.75	473535	AAPL	2022-12-09 09:00:00	142.07120500000002	144.25351	145.726667	145.14479799999998				0		3.0	1	1			30			
142.86	142.89	140.9	141.765	6539449	AAPL	2022-12-09 10:00:00	141.980955	144.14113500000002	145.65921699999998	145.1552485				0		3.0	1	1			31			
141.81	144.31	141.2	144.295	9746887	AAPL	2022-12-09 11:00:00	142.07271	144.09326000000001	145.618267	145.1714485				0		3.0	1	1			32			
144.29	145.12	143.83	145.009	10010287	AAPL	2022-12-09 12:00:00	142.17716000000001	144.05255749999998	145.588157	145.19904350000002		145.009		0		3.0	1	1			33			
145.01	145.57	144.38	144.4347	6057770	AAPL	2022-12-09 13:00:00	142.32339499999998	144.007425	145.548204	145.218004				0		3.0	1	1			34			
144.43	144.47	143.84	144.2	5370958	AAPL	2022-12-09 14:00:00	142.4904	143.9506775	145.51510399999998	145.241354				0		3.0	1	1			35			
144.195	144.32	143.75	143.85	4763043	AAPL	2022-12-09 15:00:00	142.588895	143.87392749999998	145.46650400000001	145.259404				0		3.0	1	1			36			
143.84	144.15	142.07	142.19	9923534	AAPL	2022-12-09 16:00:00	142.644395	143.7336775	145.399754	145.275954				0		3.0	1	1			37			
142.4899	142.8	141.56	142.52	155158	AAPL	2022-12-12 09:00:00	142.72589499999998	143.61167749999998	145.332954	145.28020400000003			hammer	0		3.0	1	1			38			
142.56	143.01	141.64	142.679	6104769	AAPL	2022-12-12 10:00:00	142.816595	143.4296525	145.260044	145.2990195			hammer	0		3.0	1	1			39			
142.69	142.88	141.06	141.77	7887289	AAPL	2022-12-12 11:00:00	142.86784500000002	143.2766525	145.179844	145.31691949999998	141.77			0		3.0	1	1			40			
192.84	193.26	192.59	192.77	3192029	AAPL	2023-08-02 15:00:00	195.047865	195.2904625	194.30975600000002	192.35216249999996			inverted_hammer	0		19.0	-1	2	193.26	True	41			
192.765	192.98	192.22	192.59	8407463	AAPL	2023-08-02 16:00:00	194.87037500000002	195.2422125	194.303343	192.37491250000002				0		19.0	-1	2	192.98	False	42			
191.8	193.19	191.0	191.7147	316873	AAPL	2023-08-03 09:00:00	194.66061	195.13308	194.29149	192.394336			inverted_hammer	0		19.0	-1	2	193.19	False	43			
191.73	192.28	190.69	191.69	6141961	AAPL	2023-08-03 10:00:00	194.433115	195.00253500000002	194.27528999999998	192.41198599999998			hammer	0		19.0	-1	2			44			
191.68	192.03	190.84	191.72	7421285	AAPL	2023-08-03 11:00:00	194.204245	194.90695	194.255702	192.42489700000002			hammer	0		19.0	-1	2			45			
191.72	192.37	191.623	191.74	5291243	AAPL	2023-08-03 12:00:00	193.967245	194.8047	194.233302	192.436685			inverted_hammer	0		19.0	-1	2			46	-0.644025974025974	221.6922294372294	192.0670346320346
191.74	192.36	191.61	192.215	3880645	AAPL	2023-08-03 13:00:00	193.78299499999997	194.7082	194.218052	192.45513499999998				0		19.0	-1	2			47	-0.644025974025974	221.6922294372294	191.42300865800863
192.22	192.3	191.24	191.3702	4320548	AAPL	2023-08-03 14:00:00	193.528755	194.625555	194.198553	192.467236				0		19.0	-1	2			48	-0.644025974025974	221.6922294372294	190.77898268398266
191.37	191.95	191.2	191.84	4840980	AAPL	2023-08-03 15:00:00	193.330755	194.597555	194.18330300000002	192.481636				0		19.0	-1	2			49	-0.644025974025974	221.6922294372294	190.13495670995667
191.85	191.95	190.99	191.0099	11149414	AAPL	2023-08-03 16:00:00	193.0855	194.5420525	194.161402	192.49028550000003				0		19.0	-1	2			50	-0.644025974025974	221.6922294372294	189.4909307359307
187.355	191.17	185.01	186.01	1915730	AAPL	2023-08-04 09:00:00	192.597	194.3158025	194.096302	192.4735855			inverted_hammer	0		19.0	-1	2			51	-0.644025974025974	221.6922294372294	188.84690476190474
186.0	191.855	183.25	185.295	26100537	AAPL	2023-08-04 10:00:00	192.05825	194.0569275	194.01940199999999	192.451564			inverted_hammer	0		19.0	-1	2			52	-0.644025974025974	221.6922294372294	188.20287878787875
185.3	185.77	184.27	185.36	15572770	AAPL	2023-08-04 11:00:00	191.53225	193.7979275	193.93510299999997	192.431714			hammer	0		19.0	-1	2			53	-0.644025974025974	221.6922294372294	187.55885281385278
185.37	186.375	184.93	185.6	10404984	AAPL	2023-08-04 12:00:00	191.03225	193.52517749999998	193.853803	192.41081400000002				0		19.0	-1	2			54	-0.644025974025974	221.6922294372294	186.91482683982682
185.605	185.68	185.08	185.22	5459832	AAPL	2023-08-04 13:00:00	190.55975	193.25705250000001	193.76935299999997	192.390189				0		19.0	-1	2			55	-0.644025974025974	221.6922294372294	186.27080086580082
185.23	185.26	184.79	184.91	7819266	AAPL	2023-08-04 14:00:00	190.10525	192.98667749999998	193.690353	192.367539				0		19.0	-1	2			56	-0.644025974025974	221.6922294372294	185.62677489177486
184.91	184.915	182.07	182.35	17166024	AAPL	2023-08-04 15:00:00	189.582745	192.6471775	193.584381	192.33055199999998				0		19.0	-1	2			57	-0.644025974025974	221.6922294372294	184.9827489177489
182.355	183.24	181.92	181.99	18197697	AAPL	2023-08-04 16:00:00	189.053245	192.3009275	193.470481	192.29250199999998			inverted_hammer	0		19.0	-1	2			58	-0.644025974025974	221.6922294372294	184.33872294372293
182.56	183.93	181.99	182.61	2923954	AAPL	2023-08-07 09:00:00	188.54174500000002	191.9513025	193.34588100000002	192.24485199999998			inverted_hammer	0		19.0	-1	2			59	-0.644025974025974	221.6922294372294	183.69469696969693
182.62	183.13	178.2101	178.39	20684852	AAPL	2023-08-07 10:00:00	187.81974	191.52105250000002	193.18178099999997	192.174377				0		19.0	-1	2			60	-0.644025974025974	221.6922294372294	183.05067099567097
178.395	179.79	178.065	178.11	16616125	AAPL	2023-08-07 11:00:00	187.08674000000002	191.0673025	193.00738099999998	192.10222699999997	178.11		inverted_hammer	1	CF	19.0	0	2			61	-0.644025974025974	221.6922294372294	182.40664502164498
178.1	178.785	177.35	178.65	13411890	AAPL	2023-08-07 12:00:00	186.38974000000002	190.6300575	192.843081	192.0337835				0		19.0	1	2			62	-0.644025974025974	221.6922294372294	181.762619047619
178.66	178.83	177.74	178.23	8119933	AAPL	2023-08-07 13:00:00	185.715505	190.1880575	192.685081	191.9615335				0		19.0	1	2			63	-0.644025974025974	221.6922294372294	181.11859307359305
178.235	178.86	177.97	178.8384	6937479	AAPL	2023-08-07 14:00:00	185.072925	189.75302	192.516162	191.89027550000003				0		19.0	1	2			64	-0.644025974025974	221.6922294372294	180.47456709956708
178.84	179.04	178.31	178.475	6090062	AAPL	2023-08-07 15:00:00	184.41067500000003	189.30746000000002	192.35641199999998	191.8176005				0		19.0	1	2			65	-0.644025974025974	221.6922294372294	179.8305411255411
178.48	179.22	178.22	178.809	13409320	AAPL	2023-08-07 16:00:00	183.76412499999998	188.865685	192.195202	191.7426455				0		19.0	1	2			66			
179.17	179.47	178.15	179.02	3381272	AAPL	2023-08-08 09:00:00	183.104375	188.44368500000002	192.040602	191.6700955		179.02	hammer	0		19.0	1	2			67			
179.02	182.99	177.58	178.05	10947193	AAPL	2023-08-08 10:00:00	182.438365	187.98356	191.87800299999998	191.5956455			inverted_hammer	0		19.0	1	2			68			
178.045	179.611	177.76	178.13	11452109	AAPL	2023-08-08 11:00:00	181.752865	187.54181	191.72660299999998	191.5264005			inverted_hammer	0		19.0	1	2			69			
178.13	178.3482	177.825	177.865	7731541	AAPL	2023-08-08 12:00:00	181.09562	187.09056	191.57385299999999	191.4545755	177.865			0	CF	19.0	1	2			70			
177.8678	178.99	177.84	178.91	5137082	AAPL	2023-08-08 13:00:00	180.74061999999998	186.66880999999998	191.42505300000002	191.3867755				0		19.0	1	2			71			
178.919	179.48	178.7	179.045	5968924	AAPL	2023-08-08 14:00:00	180.42811999999998	186.24318499999998	191.27760300000003	191.3202005				0		19.0	1	2			72			
179.05	179.55	178.91	179.485	4443453	AAPL	2023-08-08 15:00:00	180.13437000000002	185.83330999999998	191.140953	191.2558255				0		19.0	1	2			73			
179.49	180.27	179.34	179.8	12271211	AAPL	2023-08-08 16:00:00	179.84437	185.43831	191.007903	191.1930255				0		19.0	1	2			74			
181.02	181.49	179.8	180.79	329037	AAPL	2023-08-09 09:00:00	179.62287	185.09131	190.89407300000002	191.13965050000002		180.79		0		19.0	1	2			75			
180.78	181.0	178.14	178.66	8011844	AAPL	2023-08-09 10:00:00	179.31037	184.70781	190.74957300000003	191.0717755				0		19.0	1	2			76			
178.66	179.6578	177.6	177.815	9124377	AAPL	2023-08-09 11:00:00	179.08362	184.3331825	190.601823	190.999051				0		19.0	1	2			77			
177.82	178.2	177.01	177.42	7272629	AAPL	2023-08-09 12:00:00	178.85512	183.9541825	190.45672299999998	190.931501	177.42			0	CF	19.0	1	2			78			
177.42	178.48	177.37	178.19	6666582	AAPL	2023-08-09 13:00:00	178.63412	183.5879325	190.311123	190.86677600000002				0		19.0	1	2			79			
178.195	178.79	178.1402	178.6732	3815474	AAPL	2023-08-09 14:00:00	178.64828	183.23400999999998	190.16275500000003	190.8054895				0		19.0	1	2			80			
178.67	179.59	178.61	179.16	6659912	AAPL	2023-08-09 15:00:00	178.70077999999998	182.89376	190.02055500000003	190.74476450000003				0		19.0	1	2			81			
191.85	191.95	190.99	191.0099	11149414	AAPL	2023-08-03 16:00:00	193.0855	194.5420525	194.161402	192.49028550000003				0		20.0	-1	3			82			
187.355	191.17	185.01	186.01	1915730	AAPL	2023-08-04 09:00:00	192.597	194.3158025	194.096302	192.4735855			inverted_hammer	0		20.0	-1	3			83			
186.0	191.855	183.25	185.295	26100537	AAPL	2023-08-04 10:00:00	192.05825	194.0569275	194.01940199999999	192.451564			inverted_hammer	0		20.0	-1	3			84			
185.3	185.77	184.27	185.36	15572770	AAPL	2023-08-04 11:00:00	191.53225	193.7979275	193.93510299999997	192.431714			hammer	0		20.0	-1	3			85			
185.37	186.375	184.93	185.6	10404984	AAPL	2023-08-04 12:00:00	191.03225	193.52517749999998	193.853803	192.41081400000002				0		20.0	-1	3			86			
185.605	185.68	185.08	185.22	5459832	AAPL	2023-08-04 13:00:00	190.55975	193.25705250000001	193.76935299999997	192.390189				0		20.0	-1	3			87	-2.320900000000009	414.7273000000009	212.80900000000014
185.23	185.26	184.79	184.91	7819266	AAPL	2023-08-04 14:00:00	190.10525	192.98667749999998	193.690353	192.367539				0		20.0	-1	3			88	-2.320900000000009	414.7273000000009	210.48810000000014
184.91	184.915	182.07	182.35	17166024	AAPL	2023-08-04 15:00:00	189.582745	192.6471775	193.584381	192.33055199999998				0		20.0	-1	3			89	-2.320900000000009	414.7273000000009	208.16720000000015
182.355	183.24	181.92	181.99	18197697	AAPL	2023-08-04 16:00:00	189.053245	192.3009275	193.470481	192.29250199999998			inverted_hammer	0		20.0	-1	3			90	-2.320900000000009	414.7273000000009	205.84630000000013
182.56	183.93	181.99	182.61	2923954	AAPL	2023-08-07 09:00:00	188.54174500000002	191.9513025	193.34588100000002	192.24485199999998			inverted_hammer	0		20.0	-1	3			91	-2.320900000000009	414.7273000000009	203.5254000000001
182.62	183.13	178.2101	178.39	20684852	AAPL	2023-08-07 10:00:00	187.81974	191.52105250000002	193.18178099999997	192.174377				0		20.0	-1	3			92	-2.320900000000009	414.7273000000009	201.2045000000001
178.395	179.79	178.065	178.11	16616125	AAPL	2023-08-07 11:00:00	187.08674000000002	191.0673025	193.00738099999998	192.10222699999997	178.11		inverted_hammer	0	CF	20.0	-1	3			93	-2.320900000000009	414.7273000000009	198.88360000000011
178.1	178.785	177.35	178.65	13411890	AAPL	2023-08-07 12:00:00	186.38974000000002	190.6300575	192.843081	192.0337835				0		20.0	-1	3			94	-2.320900000000009	414.7273000000009	196.5627000000001
178.66	178.83	177.74	178.23	8119933	AAPL	2023-08-07 13:00:00	185.715505	190.1880575	192.685081	191.9615335				0		20.0	-1	3			95	-2.320900000000009	414.7273000000009	194.24180000000007
178.235	178.86	177.97	178.8384	6937479	AAPL	2023-08-07 14:00:00	185.072925	189.75302	192.516162	191.89027550000003				0		20.0	-1	3			96	-2.320900000000009	414.7273000000009	191.92090000000007
178.84	179.04	178.31	178.475	6090062	AAPL	2023-08-07 15:00:00	184.41067500000003	189.30746000000002	192.35641199999998	191.8176005				0		20.0	-1	3			97	-2.320900000000009	414.7273000000009	189.60000000000008
178.48	179.22	178.22	178.809	13409320	AAPL	2023-08-07 16:00:00	183.76412499999998	188.865685	192.195202	191.7426455				0		20.0	-1	3			98	-2.320900000000009	414.7273000000009	187.27910000000006
179.17	179.47	178.15	179.02	3381272	AAPL	2023-08-08 09:00:00	183.104375	188.44368500000002	192.040602	191.6700955		179.02	hammer	0		20.0	-1	3			99	-2.320900000000009	414.7273000000009	184.95820000000003
179.02	182.99	177.58	178.05	10947193	AAPL	2023-08-08 10:00:00	182.438365	187.98356	191.87800299999998	191.5956455			inverted_hammer	0		20.0	-1	3	182.99	True	100	-2.320900000000009	414.7273000000009	182.63730000000004
178.045	179.611	177.76	178.13	11452109	AAPL	2023-08-08 11:00:00	181.752865	187.54181	191.72660299999998	191.5264005			inverted_hammer	0		20.0	-1	3	179.611	False	101	-2.320900000000009	414.7273000000009	180.31640000000004
178.13	178.3482	177.825	177.865	7731541	AAPL	2023-08-08 12:00:00	181.09562	187.09056	191.57385299999999	191.4545755	177.865			1	CF	20.0	0	3	178.3482	False	102	-2.320900000000009	414.7273000000009	177.99550000000002
177.8678	178.99	177.84	178.91	5137082	AAPL	2023-08-08 13:00:00	180.74061999999998	186.66880999999998	191.42505300000002	191.3867755				0		20.0	1	3			103	-2.320900000000009	414.7273000000009	175.6746
178.919	179.48	178.7	179.045	5968924	AAPL	2023-08-08 14:00:00	180.42811999999998	186.24318499999998	191.27760300000003	191.3202005				0		20.0	1	3			104	-2.320900000000009	414.7273000000009	173.3537
179.05	179.55	178.91	179.485	4443453	AAPL	2023-08-08 15:00:00	180.13437000000002	185.83330999999998	191.140953	191.2558255				0		20.0	1	3			105	-2.320900000000009	414.7273000000009	171.0328
179.49	180.27	179.34	179.8	12271211	AAPL	2023-08-08 16:00:00	179.84437	185.43831	191.007903	191.1930255				0		20.0	1	3			106	-2.320900000000009	414.7273000000009	168.71189999999999
181.02	181.49	179.8	180.79	329037	AAPL	2023-08-09 09:00:00	179.62287	185.09131	190.89407300000002	191.13965050000002		180.79		0		20.0	1	3			107			
180.78	181.0	178.14	178.66	8011844	AAPL	2023-08-09 10:00:00	179.31037	184.70781	190.74957300000003	191.0717755				0		20.0	1	3			108			
178.66	179.6578	177.6	177.815	9124377	AAPL	2023-08-09 11:00:00	179.08362	184.3331825	190.601823	190.999051				0		20.0	1	3			109			
177.82	178.2	177.01	177.42	7272629	AAPL	2023-08-09 12:00:00	178.85512	183.9541825	190.45672299999998	190.931501	177.42			0	CF	20.0	1	3			110			
177.42	178.48	177.37	178.19	6666582	AAPL	2023-08-09 13:00:00	178.63412	183.5879325	190.311123	190.86677600000002				0		20.0	1	3			111			
178.195	178.79	178.1402	178.6732	3815474	AAPL	2023-08-09 14:00:00	178.64828	183.23400999999998	190.16275500000003	190.8054895				0		20.0	1	3			112			
178.67	179.59	178.61	179.16	6659912	AAPL	2023-08-09 15:00:00	178.70077999999998	182.89376	190.02055500000003	190.74476450000003				0		20.0	1	3			113			
179.16	179.3	177.99	178.2	9086389	AAPL	2023-08-09 16:00:00	178.67828	182.53401	189.871355	190.6791145				0		20.0	1	3			114			
179.14	179.95	177.595	179.65	616199	AAPL	2023-08-10 09:00:00	178.74928	182.2323925	189.737255	190.62926450000003			hammer	0		20.0	1	3			115			
179.65	180.58	178.86	180.55	7320975	AAPL	2023-08-10 10:00:00	178.83486	181.9538925	189.613095	190.5823645		180.55		0		20.0	1	3			116			
180.5596	180.75	179.12	179.5701	8864489	AAPL	2023-08-10 11:00:00	178.889615	181.650145	189.481196	190.532495				0		20.0	1	3			117			
179.58	179.6	178.01	178.355	7226979	AAPL	2023-08-10 12:00:00	178.866915	181.31552	189.337396	190.471795				0		20.0	1	3			118			
178.35	178.9199	177.85	177.97	5530451	AAPL	2023-08-10 13:00:00	178.814415	180.959395	189.181496	190.40678400000002				0		20.0	1	3			119			
177.9637	178.3911	177.6	177.68	4789585	AAPL	2023-08-10 14:00:00	178.79591499999998	180.61714	189.018796	190.338144				0		20.0	1	3			120			
177.69	178.6904	177.65	178.615	5719307	AAPL	2023-08-10 15:00:00	178.820165	180.286515	188.872146	190.274094				0		20.0	1	3			121			
178.62	178.7	177.72	178.01	7683194	AAPL	2023-08-10 16:00:00	178.827415	179.9615175	188.71459600000003	190.205244				0		20.0	1	3			122			
189.17	189.32	188.85	189.17	2851110	AAPL	2023-09-01 14:00:00	188.09035	184.710425	179.91497800000002	182.14537800000002			hammer	0		23.0	-1	4			123			
189.175	189.2	188.52	188.8899	3366469	AAPL	2023-09-01 15:00:00	188.200595	184.9674225	180.021727	182.1101775				0		23.0	-1	4			124			
188.88	189.54	188.75	189.47	6646072	AAPL	2023-09-01 16:00:00	188.316095	185.2391725	180.139827	182.07832749999997				0		23.0	-1	4			125			
187.5	189.77	187.275	187.66	601082	AAPL	2023-09-05 09:00:00	188.32709499999999	185.4364225	180.240454	182.03365250000002	187.66		inverted_hammer	0		23.0	-1	4			126			
187.68	189.31	187.17	188.06	8263802	AAPL	2023-09-05 10:00:00	188.37496500000003	185.6556725	180.34025400000002	181.9959525				0		23.0	-1	4			127			
188.06	189.31	187.82	189.05	7896039	AAPL	2023-09-05 11:00:00	188.44946499999998	185.90654750000002	180.453168	181.95990250000003				0		23.0	-1	4			128	-1.0552727272727265	330.5994545454544	195.52454545454543
189.06	189.61	188.98	189.4	5827897	AAPL	2023-09-05 12:00:00	188.535965	186.1687975	180.58158199999997	181.92620349999999				0		23.0	-1	4			129	-1.0552727272727265	330.5994545454544	194.4692727272727
189.409	189.81	189.3702	189.64	4016969	AAPL	2023-09-05 13:00:00	188.625965	186.41979750000002	180.70858200000004	181.89485350000004				0		23.0	-1	4			130	-1.0552727272727265	330.5994545454544	193.414
189.65	189.6999	189.16	189.435	2626846	AAPL	2023-09-05 14:00:00	188.694995	186.6721725	180.846682	181.86082900000002				0		23.0	-1	4			131	-1.0552727272727265	330.5994545454544	192.35872727272726
189.44	189.95	189.32	189.94	3037844	AAPL	2023-09-05 15:00:00	188.767745	186.9251725	181.00518200000002	181.82904200000002		189.94		0		23.0	-1	4			132	-1.0552727272727265	330.5994545454544	191.3034545454545
189.93	189.98	189.47	189.7	6301918	AAPL	2023-09-05 16:00:00	188.841495	187.1624225	181.155882	181.79514200000003				0		23.0	-1	4	189.98	True	133	-1.0552727272727265	330.5994545454544	190.2481818181818
188.42	189.7	188.0115	188.39	320630	AAPL	2023-09-06 09:00:00	188.869995	187.36992249999997	181.28913200000002	181.75759200000002			inverted_hammer	0		23.0	-1	4	189.7	False	134	-1.0552727272727265	330.5994545454544	189.19290909090907
188.42	189.7	186.5	186.54	9235464	AAPL	2023-09-06 10:00:00	188.795995	187.5106725	181.412382	181.708017				0		23.0	-1	4	189.7	False	135	-1.0552727272727265	330.5994545454544	188.13763636363635
186.53	186.53	183.93	184.0188	16373472	AAPL	2023-09-06 11:00:00	188.571435	187.5537675	181.51317	181.64911099999998				0		23.0	-1	4			136	-1.0552727272727265	330.5994545454544	187.08236363636362
184.02	184.31	183.53	184.15	7900776	AAPL	2023-09-06 12:00:00	188.385435	187.57789250000002	181.61477000000002	181.59028600000002			hammer	0		23.0	-1	4			137	-1.0552727272727265	330.5994545454544	186.0270909090909
184.145	184.32	182.8	183.115	7273540	AAPL	2023-09-06 13:00:00	188.083435	187.5660175	181.72107	181.52696099999997				0		23.0	-1	4			138	-1.0552727272727265	330.5994545454544	184.97181818181818
183.115	183.42	182.67	182.9699	6280190	AAPL	2023-09-06 14:00:00	187.78492999999997	187.54764	181.82596900000001	181.4614605				0		23.0	-1	4			139	-1.0552727272727265	330.5994545454544	183.91654545454543
182.9656	183.01	182.13	182.2	7704140	AAPL	2023-09-06 15:00:00	187.47493	187.48989	181.91086900000002	181.3930605				0		23.0	-1	4			140	-1.0552727272727265	330.5994545454544	182.8612727272727
182.19	183.02	181.47	182.9	17505663	AAPL	2023-09-06 16:00:00	187.19368000000003	187.45939	181.99671899999998	181.3295605				0		23.0	-1	4			141	-1.0552727272727265	330.5994545454544	181.80599999999998
177.55	182.91	176.06	176.19	2245255	AAPL	2023-09-07 09:00:00	186.54443	187.24739	182.01883700000002	181.23716050000002			inverted_hammer	0		23.0	-1	4			142	-1.0552727272727265	330.5994545454544	180.75072727272726
176.19	177.79	173.54	176.23	31458132	AAPL	2023-09-07 10:00:00	185.89742999999999	186.99389000000002	182.03703700000003	181.1483105	176.23		hammer	1	CF	23.0	0	4			143	-1.0552727272727265	330.5994545454544	179.69545454545454
176.23	177.175	175.69	176.6999	18503632	AAPL	2023-09-07 11:00:00	185.28793	186.7442625	182.059836	181.0678095				0		23.0	1	4			144	-1.0552727272727265	330.5994545454544	178.64018181818182
176.69	178.21	176.65	176.975	12168031	AAPL	2023-09-07 12:00:00	184.66318	186.48963750000001	182.084686	180.98978449999998			inverted_hammer	0		23.0	1	4			145	-1.0552727272727265	330.5994545454544	177.5849090909091
176.97	177.68	176.65	176.735	7440188	AAPL	2023-09-07 13:00:00	184.11693	186.2220125	182.099986	180.90925949999996			inverted_hammer	0		23.0	1	4			146	-1.0552727272727265	330.5994545454544	176.52963636363634
176.7335	177.1	175.95	177.03	8022882	AAPL	2023-09-07 14:00:00	183.56543	185.97019749999998	182.116286	180.830259			hammer	0		23.0	1	4			147	-1.0552727272727265	330.5994545454544	175.47436363636362
177.025	177.39	176.49	177.19	7439908	AAPL	2023-09-07 15:00:00	182.97243	185.7109475	182.14578600000002	180.75235899999998				0		23.0	1	4			148			
177.185	178.14	176.78	177.56	14243229	AAPL	2023-09-07 16:00:00	182.38043	185.45819749999998	182.17988500000004	180.677209				0		23.0	1	4			149			
177.805	179.78	177.05	178.22	658277	AAPL	2023-09-08 09:00:00	181.80943	185.2176975	182.211355	180.6097355				0		23.0	1	4			150			
178.21	180.239	178.12	179.075	11826376	AAPL	2023-09-08 10:00:00	181.29143000000002	184.9932125	182.249605	180.5466605				0		23.0	1	4			151			
179.0784	180.0252	178.93	178.9442	10321708	AAPL	2023-09-08 11:00:00	180.74164000000002	184.75469249999998	182.282497	180.4827815			inverted_hammer	0		23.0	1	4			152			
178.94	180.2	178.7	179.545	8963328	AAPL	2023-09-08 12:00:00	180.23389	184.5376925	182.31994699999998	180.42180649999997				0		23.0	1	4			153			
179.55	179.99	179.21	179.6181	5490580	AAPL	2023-09-08 13:00:00	179.79529499999998	184.332645	182.34802799999997	180.358822				0		23.0	1	4			154			
179.61	179.91	179.26	179.7	4159743	AAPL	2023-09-08 14:00:00	179.453295	184.12464500000002	182.379028	180.300471		179.7		0		23.0	1	4			155			
179.7037	179.89	178.02	178.205	7874040	AAPL	2023-09-08 15:00:00	179.162605	183.86702	182.389028	180.232296				0		23.0	1	4			156			
178.2	178.41	177.79	178.19	10097754	AAPL	2023-09-08 16:00:00	178.864605	183.62502	182.403812	180.16819649999996			hammer	0		23.0	1	4			157			
179.7	180.84	178.18	180.67	528260	AAPL	2023-09-11 09:00:00	178.742355	183.412895	182.440212	180.1414965				0		23.0	1	4			158			
180.67	180.8	177.48	178.01	10536414	AAPL	2023-09-11 10:00:00	178.49436	183.139645	182.449712	180.1050715				0		23.0	1	4			159			
178.01	178.33	177.34	177.8	9812726	AAPL	2023-09-11 11:00:00	178.27436	182.87464500000002	182.454162	180.06727150000003				0		23.0	1	4			160			
177.79	178.95	177.755	178.4201	6539290	AAPL	2023-09-11 12:00:00	178.050365	182.6220225	182.46616299999997	180.03137199999998				0		23.0	1	4			161			
178.42	178.86	178.25	178.6646	5040903	AAPL	2023-09-11 13:00:00	178.174095	182.35926249999997	182.477259	179.99859500000002				0		23.0	1	4			162			
178.67	179.4274	178.56	179.245	4487368	AAPL	2023-09-11 14:00:00	178.324845	182.1111375	182.471508	179.97026999999997				0		23.0	1	4			163			
194.06	194.36	193.78	193.89	3630855	AAPL	2023-12-21 15:00:00	195.89044	196.28990249999998	195.25205699999998	192.70544550000002				0		31.0	-1	5			164			
193.89	194.98	193.76	194.68	7451575	AAPL	2023-12-21 16:00:00	195.81018999999998	196.20340249999998	195.266716	192.7383955				0		31.0	-1	5			165			
194.95	195.2	193.9017	195.16	217203	AAPL	2023-12-22 09:00:00	195.75569000000002	196.1276525	195.28211600000003	192.76824549999998			hammer	0		31.0	-1	5			166			
195.16	196.915	194.425	195.235	4725900	AAPL	2023-12-22 10:00:00	195.71319	196.0614025	195.305366	192.79097050000001		195.235	inverted_hammer	0		31.0	-1	5	196.915	True	167			
195.23	195.29	194.33	194.345	5152309	AAPL	2023-12-22 11:00:00	195.62569000000002	195.9781025	195.31661599999998	192.8154205				0		31.0	-1	5	195.29	False	168			
194.34	194.38	194.01	194.13	3736745	AAPL	2023-12-22 12:00:00	195.48619000000002	195.88297749999998	195.322916	192.8396205				0		31.0	-1	5			169	-0.16753188854489146	223.38597977296178	195.07309060887513
194.1399	194.9144	193.84	194.25	3438890	AAPL	2023-12-22 13:00:00	195.39019000000002	195.80998	195.324916	192.8620955			inverted_hammer	0		31.0	-1	5	194.9144	False	170	-0.16753188854489146	223.38597977296178	194.90555872033022
194.259	194.46	193.98	194.0	2795532	AAPL	2023-12-22 14:00:00	195.21419	195.72098	195.333416	192.8856955				0		31.0	-1	5			171	-0.16753188854489146	223.38597977296178	194.73802683178533
194.01	194.02	192.97	193.8	4402363	AAPL	2023-12-22 15:00:00	195.03494	195.6289825	195.34488699999997	192.90682049999998			hammer	0		31.0	-1	5			172	-0.16753188854489146	223.38597977296178	194.57049494324045
193.81	193.99	193.485	193.53	6551308	AAPL	2023-12-22 16:00:00	194.84625499999999	195.5392325	195.349787	192.9256205				0		31.0	-1	5			173	-0.16753188854489146	223.38597977296178	194.40296305469556
193.85	194.15	193.116	193.5	125951	AAPL	2023-12-26 09:00:00	194.650755	195.4714825	195.35778700000003	192.9435205				0		31.0	-1	5			174	-0.16753188854489146	223.38597977296178	194.23543116615065
193.53	194.715	192.98	193.25	4398890	AAPL	2023-12-26 10:00:00	194.451505	195.4296075	195.358793	192.9609205			inverted_hammer	0		31.0	-1	5			175	-0.16753188854489146	223.38597977296178	194.06789927760576
193.255	193.44	192.89	193.225	4155289	AAPL	2023-12-26 11:00:00	194.326755	195.3862325	195.361943	192.979191			hammer	0		31.0	-1	5			176	-0.16753188854489146	223.38597977296178	193.90036738906088
193.228	193.3	192.89	193.225	2660270	AAPL	2023-12-26 12:00:00	194.246005	195.34598250000002	195.370893	192.99909099999996			hammer	0		31.0	-1	5			177	-0.16753188854489146	223.38597977296178	193.732835500516
193.22	193.33	193.03	193.18	2570586	AAPL	2023-12-26 13:00:00	194.09600500000002	195.2889825	195.373593	193.01874099999998				0		31.0	-1	5			178	-0.16753188854489146	223.38597977296178	193.5653036119711
193.18	193.36	192.83	192.8898	2344902	AAPL	2023-12-26 14:00:00	193.951495	195.2061025	195.36359099999999	193.035497				0		31.0	-1	5			179	-0.16753188854489146	223.38597977296178	193.39777172342622
192.89	193.14	192.87	193.045	2317149	AAPL	2023-12-26 15:00:00	193.881745	195.12572749999998	195.34610400000003	193.05087199999997				0		31.0	-1	5			180	-0.16753188854489146	223.38597977296178	193.2302398348813
193.05	193.49	192.92	193.04	5498682	AAPL	2023-12-26 16:00:00	193.809245	195.05517	195.327804	193.067522			inverted_hammer	0		31.0	-1	5			181	-0.16753188854489146	223.38597977296178	193.06270794633642
192.86	193.29	192.7348	192.93	307577	AAPL	2023-12-27 09:00:00	193.768245	194.96317	195.31195400000001	193.081797			inverted_hammer	0		31.0	-1	5			182	-0.16753188854489146	223.38597977296178	192.89517605779153
192.92	192.99	192.0	192.45	4352533	AAPL	2023-12-27 10:00:00	193.68774	194.859965	195.29325400000002	193.08794699999999				0		31.0	-1	5			183	-0.16753188854489146	223.38597977296178	192.72764416924664
192.455	192.54	191.1	191.67	7267166	AAPL	2023-12-27 11:00:00	193.57674	194.73359	195.26845400000002	193.09073650000002	191.67			1	CN	31.0	0	5			184	-0.16753188854489146	223.38597977296178	192.56011228070176
191.6788	192.18	191.09	192.1442	6171992	AAPL	2023-12-27 12:00:00	193.44995	194.63007	195.24749599999998	193.094858				0		31.0	1	5			185	-0.16753188854489146	223.38597977296178	192.39258039215684
192.15	192.75	192.1111	192.64	5431193	AAPL	2023-12-27 13:00:00	193.32395	194.53982000000002	195.232896	193.10230799999997				0		31.0	1	5			186	-0.16753188854489146	223.38597977296178	192.22504850361196
192.64	193.5	192.64	193.3818	4581496	AAPL	2023-12-27 14:00:00	193.23129	194.47224	195.228514	193.1108045				0		31.0	1	5			187	-0.16753188854489146	223.38597977296178	192.05751661506707
193.38	193.38	192.76	192.92	4230883	AAPL	2023-12-27 15:00:00	193.16004	194.392865	195.20791499999999	193.11745449999998				0		31.0	1	5			188	-0.16753188854489146	223.38597977296178	191.8899847265222
192.92	193.22	192.73	193.19	7287759	AAPL	2023-12-27 16:00:00	193.11303999999998	194.299615	195.195314	193.1259045				0		31.0	1	5			189			
193.71	193.88	193.15	193.65	250994	AAPL	2023-12-28 09:00:00	193.08303999999998	194.236615	195.180113	193.1411545			hammer	0		31.0	1	5			190			
193.68	194.66	192.5	194.095	5209221	AAPL	2023-12-28 10:00:00	193.08778999999998	194.15099	195.16492599999998	193.15752949999998				0		31.0	1	5			191			
194.095	194.48	193.73	194.21	4923855	AAPL	2023-12-28 11:00:00	193.10829	194.071615	195.148727	193.17734200000004		194.21		0		31.0	1	5			192			
194.2112	194.22	193.89	194.13	3054197	AAPL	2023-12-28 12:00:00	193.13828999999998	193.99227249999998	195.132827	193.1968825			hammer	0		31.0	1	5			193			
194.125	194.43	193.89	193.98	3220384	AAPL	2023-12-28 13:00:00	193.16228999999998	193.9065225	195.123527	193.21413249999998				0		31.0	1	5			194			
193.975	193.98	193.58	193.8706	3143837	AAPL	2023-12-28 14:00:00	193.19332	193.82241249999998	195.13333300000002	193.2313855			hammer	0		31.0	1	5			195			
193.875	194.09	193.865	193.9741	2276451	AAPL	2023-12-28 15:00:00	193.230775	193.778765	195.153474	193.24866849999998				0		31.0	1	5			196			
193.97	193.97	193.17	193.58	6997078	AAPL	2023-12-28 16:00:00	193.248525	193.747265	195.169474	193.2633185				0		31.0	1	5			197			
193.75	194.52	193.05	193.93	79690	AAPL	2023-12-29 09:00:00	193.28602500000002	193.691015	195.186632	193.27719349999998				0		31.0	1	5			198			
193.93	194.4	193.4301	193.505	3097426	AAPL	2023-12-29 10:00:00	193.31678499999998	193.63414	195.19383200000001	193.285156				0		31.0	1	5			199			
193.505	193.55	192.6646	192.755	3974474	AAPL	2023-12-29 11:00:00	193.30228499999998	193.592015	195.192432	193.29168100000004				0		31.0	1	5			200			
192.76	192.8667	191.89	192.3201	4184810	AAPL	2023-12-29 12:00:00	193.26628999999997	193.5377675	195.18373300000002	193.29497				0		31.0	1	5			201			
192.325	192.48	191.725	191.955	4253517	AAPL	2023-12-29 13:00:00	193.21754	193.4928925	195.17813299999997	193.29522				0		31.0	1	5			202			
191.955	192.42	191.87	192.37	3585898	AAPL	2023-12-29 14:00:00	193.21354000000002	193.45064	195.177683	193.29892				0		31.0	1	5			203			
192.375	192.54	192.09	192.47	2979385	AAPL	2023-12-29 15:00:00	193.25354	193.41514	195.17028299999998	193.3045195			hammer	0		31.0	1	5			204			
186.75	187.04	185.8401	185.878	5834968	AAPL	2024-01-02 13:00:00	191.64085500000002	192.36194749999999	194.770217	193.226706				0		34.0	-1	6			205			
185.885	185.9576	184.745	184.9083	6250375	AAPL	2024-01-02 14:00:00	191.18152	192.134655	194.6602	193.20174749999998				0		34.0	-1	6			206			
184.9025	184.98	184.01	184.05	7189018	AAPL	2024-01-02 15:00:00	190.67352	191.890905	194.53748	193.1722725				0		34.0	-1	6			207			
184.045	185.64	183.885	185.525	13963235	AAPL	2024-01-02 16:00:00	190.24327	191.69078000000002	194.43322900000004	193.14994750000002				0		34.0	-1	6			208			
184.975	185.64	184.15	184.7064	399155	AAPL	2024-01-03 09:00:00	189.77959	191.47094	194.319343	193.1252795				0		34.0	-1	6			209			
184.7	187.985	183.5	184.7701	9882363	AAPL	2024-01-03 10:00:00	189.324565	191.25894250000002	194.20234399999998	193.10288			inverted_hammer	0		34.0	-1	6			210	-0.16027415584415572	219.13111493506491	185.4735422077922
184.77	185.29	183.45	183.86	9495059	AAPL	2024-01-03 11:00:00	188.81886	191.02481749999998	194.06184399999998	193.07550500000002				0		34.0	-1	6			211	-0.16027415584415572	219.13111493506491	185.31326805194806
183.855	184.38	183.49	183.51	5895725	AAPL	2024-01-03 12:00:00	188.31536	190.78194249999999	193.91814399999998	193.041705	183.51			0	CF	34.0	-1	6			212	-0.16027415584415572	219.13111493506491	185.1529938961039
183.505	184.37	183.43	184.335	4413417	AAPL	2024-01-03 13:00:00	187.83561	190.5608175	193.778794	193.01113				0		34.0	-1	6			213	-0.16027415584415572	219.13111493506491	184.99271974025976
184.33	184.56	184.18	184.37	3582685	AAPL	2024-01-03 14:00:00	187.37886	190.3478225	193.630494	192.98237999999998				0		34.0	-1	6			214	-0.16027415584415572	219.13111493506491	184.83244558441558
184.36	184.94	183.805	184.6499	4970909	AAPL	2024-01-03 15:00:00	186.973605	190.137945	193.485793	192.9562045		184.6499		0		34.0	-1	6			215	-0.16027415584415572	219.13111493506491	184.67217142857143
184.65	184.71	183.75	184.24	7229953	AAPL	2024-01-03 16:00:00	186.5696	189.917945	193.35021400000002	192.92850449999997				0		34.0	-1	6			216	-0.16027415584415572	219.13111493506491	184.51189727272728
183.09	185.0	181.88	181.97	681094	AAPL	2024-01-04 09:00:00	186.07035	189.643945	193.192814	192.8880045				0		34.0	-1	6			217	-0.16027415584415572	219.13111493506491	184.35162311688313
181.98	185.335	181.2276	181.4801	9693129	AAPL	2024-01-04 10:00:00	185.525855	189.3696975	193.03963799999997	192.84680500000002			inverted_hammer	0		34.0	-1	6			218	-0.16027415584415572	219.13111493506491	184.19134896103895
181.48	182.1438	180.88	181.49	11622553	AAPL	2024-01-04 11:00:00	184.976855	189.1151975	192.877388	192.80353				0		34.0	-1	6			219	-0.16027415584415572	219.13111493506491	184.0310748051948
181.49	182.44	181.32	181.44	8353652	AAPL	2024-01-04 12:00:00	184.422855	188.84759250000002	192.710388	192.75718	181.44		inverted_hammer	0	CF	34.0	-1	6			220	-0.16027415584415572	219.13111493506491	183.87080064935066
181.44	182.39	181.43	182.235	5525483	AAPL	2024-01-04 13:00:00	184.128605	188.5874675	192.550838	192.716855				0		34.0	-1	6			221	-0.16027415584415572	219.13111493506491	183.7105264935065
182.23	183.07	182.17	182.75	4744298	AAPL	2024-01-04 14:00:00	183.940105	188.3216725	192.39948800000002	192.68105500000001		182.75		0		34.0	-1	6	183.07	True	222	-0.16027415584415572	219.13111493506491	183.55025233766236
182.75	182.96	182.265	182.3	5245891	AAPL	2024-01-04 15:00:00	183.760605	188.0561725	192.24571799999998	192.64237999999997				0		34.0	-1	6	182.96	False	223	-0.16027415584415572	219.13111493506491	183.38997818181818
182.31	182.5499	181.43	181.92	10503105	AAPL	2024-01-04 16:00:00	183.51939	187.77442250000001	192.08556800000002	192.60003				0		34.0	-1	6			224	-0.16027415584415572	219.13111493506491	183.22970402597403
181.01	186.7343	180.18	181.13	1181517	AAPL	2024-01-05 09:00:00	183.28199	187.4614225	191.92516899999998	192.55200499999998	181.13		inverted_hammer	1	CF	34.0	0	6	186.7343	False	225	-0.16027415584415572	219.13111493506491	183.06942987012988
181.15	182.865	181.14	181.69	7463802	AAPL	2024-01-05 10:00:00	183.121075	187.1512975	191.766469	192.501755			inverted_hammer	0		34.0	1	6			226	-0.16027415584415572	219.13111493506491	182.90915571428573
181.71	182.65	181.7	182.65	7312585	AAPL	2024-01-05 11:00:00	183.05107500000003	186.8622975	191.61817	192.46037999999996		182.65		0		34.0	1	6			227	-0.16027415584415572	219.13111493506491	182.74888155844155
182.66	182.74	181.9101	182.1022	4312357	AAPL	2024-01-05 12:00:00	182.879935	186.5616025	191.467992	192.421291				0		34.0	1	6			228	-0.16027415584415572	219.13111493506491	182.5886074025974
182.11	182.22	181.28	181.59	4806286	AAPL	2024-01-05 13:00:00	182.724115	186.25185249999998	191.321792	192.38073				0		34.0	1	6			229	-0.16027415584415572	219.13111493506491	182.42833324675325
181.5933	182.23	181.21	182.035	4450824	AAPL	2024-01-05 14:00:00	182.58736	185.9559625	191.192892	192.34358				0		34.0	1	6			230			
182.035	182.18	180.42	180.485	11723734	AAPL	2024-01-05 15:00:00	182.41861	185.61873500000002	191.048142	192.299355	180.485			0	CN	34.0	1	6			231			
180.49	181.26	180.17	181.18	10676892	AAPL	2024-01-05 16:00:00	182.30211	185.308735	190.911592	192.258505				0		34.0	1	6			232			
181.0	181.91	179.65	181.37	242171	AAPL	2024-01-08 09:00:00	182.15386	184.994735	190.77069199999997	192.21673				0		34.0	1	6			233			
181.3996	183.505	180.86	183.4141	8648495	AAPL	2024-01-08 10:00:00	182.106065	184.7424625	190.642783	192.18777550000001				0		34.0	1	6			234			
183.41	183.885	183.3	183.585	6711964	AAPL	2024-01-08 11:00:00	182.05282000000003	184.51321249999998	190.51603300000002	192.1619005				0		34.0	1	6			235			
183.59	183.85	183.21	183.835	5036898	AAPL	2024-01-08 12:00:00	182.03257000000002	184.301085	190.39576	192.13987550000002				0		34.0	1	6			236			
183.84	184.57	183.29	184.2546	5920121	AAPL	2024-01-08 13:00:00	182.1468	184.108575	190.272206	192.117637				0		34.0	1	6			237			
184.251	184.72	184.01	184.7101	3206067	AAPL	2024-01-08 14:00:00	182.3083	183.9170775	190.153525	192.098638				0		34.0	1	6			238			
184.72	185.321	184.55	185.1714	4651341	AAPL	2024-01-08 15:00:00	182.49237	183.7346125	190.03798899999998	192.07861999999997				0		34.0	1	6			239			
185.1777	185.6	184.91	185.55	9508392	AAPL	2024-01-08 16:00:00	182.69787000000002	183.5603625	189.93063899999999	192.05662		185.55		0		34.0	1	6			240			
184.5	186.55	183.7	183.88	504099	AAPL	2024-01-09 09:00:00	182.78012	183.4543625	189.80693899999997	192.02828999999997			inverted_hammer	0		34.0	1	6			241			
183.87	184.23	181.96	183.27	6460853	AAPL	2024-01-09 10:00:00	182.80612000000002	183.3731125	189.678789	191.99484	183.27			0		34.0	1	6			242			
183.255	183.98	182.97	183.4925	5569128	AAPL	2024-01-09 11:00:00	182.865745	183.31317500000003	189.552764	191.96060250000002				0		34.0	1	6			243			
183.49	184.8	183.49	184.79	4733332	AAPL	2024-01-09 12:00:00	183.00924500000002	183.2643175	189.431464	191.92935250000002				0		34.0	1	6			244			
184.795	184.83	184.375	184.72	2865632	AAPL	2024-01-09 13:00:00	183.188745	183.2353675	189.316964	191.89546149999998			hammer	0		34.0	1	6			245			
182.95	183.0	182.18	182.63	10881426	AAPL	2024-02-27 16:00:00	181.60512	182.2644575	183.766835	186.8824875				0		43.0	-1	7			246			
182.74	183.665	180.085	182.45	1174756	AAPL	2024-02-28 09:00:00	181.58749	182.2809575	183.710485	186.8230375			hammer	0		43.0	-1	7			247			
182.46	183.12	181.12	181.298	6425880	AAPL	2024-02-28 10:00:00	181.51614	182.2499075	183.642065	186.7555275				0		43.0	-1	7			248			
181.3	181.89	180.96	181.3001	6791202	AAPL	2024-02-28 11:00:00	181.45039500000001	182.22841	183.573267	186.690528			inverted_hammer	0		43.0	-1	7			249			
181.31	181.765	181.15	181.24	4775556	AAPL	2024-02-28 12:00:00	181.386395	182.20641	183.502267	186.623528			inverted_hammer	0		43.0	-1	7			250			
181.24	181.4099	180.19	180.2156	7121431	AAPL	2024-02-28 13:00:00	181.274175	182.1733025	183.41672300000002	186.54890600000002	180.2156			0		43.0	-1	7			251	-0.200499999999999	233.28959090909066	182.9640909090909
180.21	180.88	180.13	180.88	4486066	AAPL	2024-02-28 14:00:00	181.242425	182.162965	183.33882300000002	186.479292				0		43.0	-1	7			252	-0.200499999999999	233.28959090909066	182.7635909090909
180.88	180.93	180.35	180.7199	4174563	AAPL	2024-02-28 15:00:00	181.21642	182.15546250000003	183.25926000000004	186.40819100000002			hammer	0		43.0	-1	7			253	-0.200499999999999	233.28959090909066	182.5630909090909
180.72	181.47	180.54	181.42	7699620	AAPL	2024-02-28 16:00:00	181.22717	182.1329625	183.17576	186.339541				0		43.0	-1	7			254	-0.200499999999999	233.28959090909066	182.3625909090909
180.92	181.87	180.3536	181.7	353457	AAPL	2024-02-29 09:00:00	181.27192	182.0909625	183.096283	186.27099099999998		181.7		0		43.0	-1	7			255	-0.200499999999999	233.28959090909066	182.16209090909092
181.7	182.57	181.0	181.5	7465401	AAPL	2024-02-29 10:00:00	181.277425	182.0502125	183.020483	186.20309099999997				0		43.0	-1	7	182.57	True	256	-0.200499999999999	233.28959090909066	181.96159090909092
181.5	182.135	180.71	180.9499	8703136	AAPL	2024-02-29 11:00:00	181.25042	182.00245999999999	182.940542	186.1282905				0		43.0	-1	7	182.135	False	257	-0.200499999999999	233.28959090909066	181.7610909090909
180.955	180.965	179.53	180.11	8546118	AAPL	2024-02-29 12:00:00	181.19892	181.93146	182.853342	186.0495405				0		43.0	-1	7			258	-0.200499999999999	233.28959090909066	181.56059090909093
180.105	180.31	179.65	180.145	7608293	AAPL	2024-02-29 13:00:00	181.14866999999998	181.844585	182.77049200000002	185.9715405			hammer	0		43.0	-1	7			259	-0.200499999999999	233.28959090909066	181.36009090909093
180.145	180.8	179.68	180.085	6390379	AAPL	2024-02-29 14:00:00	181.10642	181.74127249999998	182.691492	185.89551600000001				0		43.0	-1	7			260	-0.200499999999999	233.28959090909066	181.15959090909092
180.085	180.49	179.86	180.2	5899837	AAPL	2024-02-29 15:00:00	181.06242	181.63264750000002	182.615592	185.821966				0		43.0	-1	7			261	-0.200499999999999	233.28959090909066	180.95909090909092
180.2	181.11	179.57	180.77	16801011	AAPL	2024-02-29 16:00:00	181.05991999999998	181.5428975	182.54324200000002	185.753266				0		43.0	-1	7			262	-0.200499999999999	233.28959090909066	180.7585909090909
179.29	181.31	178.7228	179.6	346522	AAPL	2024-03-01 09:00:00	181.03092	181.4216475	182.45764200000002	185.676466			inverted_hammer	0		43.0	-1	7			263	-0.200499999999999	233.28959090909066	180.55809090909094
179.6	181.99	179.06	179.245	9230064	AAPL	2024-03-01 10:00:00	180.97017499999998	181.30602249999998	182.37019199999997	185.5986405			inverted_hammer	0		43.0	-1	7	181.99	False	264	-0.200499999999999	233.28959090909066	180.35759090909093
179.24	180.4	177.67	178.295	15653372	AAPL	2024-03-01 11:00:00	180.73767500000002	181.17864749999998	182.283242	185.5127645				0		43.0	-1	7			265	-0.200499999999999	233.28959090909066	180.15709090909093
178.295	178.47	177.72	177.935	8243681	AAPL	2024-03-01 12:00:00	180.502925	181.0540225	182.190792	185.4226495	177.935			1	CN	43.0	0	7			266	-0.200499999999999	233.28959090909066	179.95659090909092
177.935	179.07	177.38	178.524	7989343	AAPL	2024-03-01 13:00:00	180.306625	180.94705749999997	182.123682	185.3362445				0		43.0	1	7			267	-0.200499999999999	233.28959090909066	179.75609090909091
178.53	179.39	178.33	179.32	6738458	AAPL	2024-03-01 14:00:00	180.207725	180.86193250000002	182.065282	185.2622195				0		43.0	1	7			268	-0.200499999999999	233.28959090909066	179.55559090909094
179.315	180.22	179.3	180.005	7251119	AAPL	2024-03-01 15:00:00	180.14297	180.7966825	182.006832	185.19444450000003		180.005		0		43.0	1	7			269	-0.200499999999999	233.28959090909066	179.35509090909093
180.005	180.01	179.415	179.63	9356044	AAPL	2024-03-01 16:00:00	180.06247	180.7244325	181.94903200000002	185.1216445				0		43.0	1	7			270	-0.200499999999999	233.28959090909066	179.15459090909093
178.25	179.66	176.63	176.81	806225	AAPL	2024-03-04 09:00:00	179.89219	180.5831825	181.86553199999997	185.03389449999997				0		43.0	1	7			271			
176.805	177.59	174.62	174.97	14507990	AAPL	2024-03-04 10:00:00	179.59669000000002	180.4195575	181.765232	184.93566950000002				0		43.0	1	7			272			
174.96	175.929	173.9	174.83	14265584	AAPL	2024-03-04 11:00:00	179.302195	180.2593075	181.67493499999998	184.8371945				0		43.0	1	7			273			
174.835	175.895	174.1	174.1201	8672800	AAPL	2024-03-04 12:00:00	178.93720000000002	180.082185	181.565836	184.7375945				0		43.0	1	7			274			
174.1112	174.7	174.01	174.05	7365810	AAPL	2024-03-04 13:00:00	178.5547	179.91331	181.45276700000002	184.6455055			inverted_hammer	0		43.0	1	7			275			
174.05	174.505	173.79	174.205	7869144	AAPL	2024-03-04 14:00:00	178.18995	179.7336875	181.354617	184.55427550000002				0		43.0	1	7			276			
174.2	175.645	173.98	175.325	8209663	AAPL	2024-03-04 15:00:00	177.908705	179.5795625	181.276066	184.4663505				0		43.0	1	7			277			
175.325	175.5	174.95	175.09	10421539	AAPL	2024-03-04 16:00:00	177.65770500000002	179.4283125	181.197016	184.3797005				0		43.0	1	7			278			
172.2	175.1	170.78	171.2	1005390	AAPL	2024-03-05 09:00:00	177.210455	179.1795625	181.08186600000002	184.2758005			inverted_hammer	0		43.0	1	7			279			
171.22	175.1	170.07	170.485	17085732	AAPL	2024-03-05 10:00:00	176.730455	178.91843749999998	180.95721600000002	184.17435350000002			inverted_hammer	0		43.0	1	7			280			
170.5	171.0	169.62	170.41	17072508	AAPL	2024-03-05 11:00:00	176.240955	178.65168749999998	180.83214	184.073453				0		43.0	1	7			281			
170.41	170.82	169.86	170.25	8908343	AAPL	2024-03-05 12:00:00	175.714955	178.38743749999998	180.69444000000004	183.970828				0		43.0	1	7			282			
170.2501	170.895	170.11	170.2979	7426437	AAPL	2024-03-05 13:00:00	175.24984999999998	178.14038499999998	180.566819	183.86706749999996			inverted_hammer	0		43.0	1	7			283			
170.3	170.76	169.95	169.985	7028687	AAPL	2024-03-05 14:00:00	174.78685000000002	177.8785125	180.445869	183.7606425	169.985			0	CF	43.0	1	7			284			
169.99	170.5873	169.79	170.045	7494579	AAPL	2024-03-05 15:00:00	174.37435	177.5560125	180.32596900000001	183.65399250000002			inverted_hammer	0		43.0	1	7			285			
170.0401	170.25	169.8	170.17	13308330	AAPL	2024-03-05 16:00:00	173.9861	177.24451249999998	180.210269	183.54594250000002				0		43.0	1	7			286			
221.07	221.85	220.84	221.08	3376138	AAPL	2024-09-11 14:00:00	219.59018999999998	220.71197	224.29121800000001	222.54645500000004			inverted_hammer	0		67.0	-1	8			287			
221.08	221.79	220.86	221.45	3561773	AAPL	2024-09-11 15:00:00	219.80269000000004	220.73547	224.243319	222.60980500000002				0		67.0	-1	8			288			
221.44	223.0	221.105	222.86	7965765	AAPL	2024-09-11 16:00:00	219.95019000000002	220.78722	224.21351900000002	222.68848000000003		222.86		0		67.0	-1	8			289			
222.69	223.3988	221.91	222.7	118665	AAPL	2024-09-12 09:00:00	220.07769	220.84547000000003	224.18751899999998	222.761855				0		67.0	-1	8			290			
222.725	227.635	219.82	221.04	5104326	AAPL	2024-09-12 10:00:00	220.17122	220.75372	224.135819	222.80505499999998			inverted_hammer	0		67.0	-1	8			291			
221.04	222.3794	220.94	221.8	4840092	AAPL	2024-09-12 11:00:00	220.36722	220.70622000000003	224.08911899999998	222.848305				0		67.0	-1	8			292	-1.5299999999999985	688.7619999999995	242.00199999999995
221.81	223.0675	221.67	221.975	3670641	AAPL	2024-09-12 12:00:00	220.41647000000003	220.70634499999997	224.041133	222.8952805			inverted_hammer	0		67.0	-1	8			293	-1.5299999999999985	688.7619999999995	240.47199999999992
221.98	222.5399	221.62	222.5	2087225	AAPL	2024-09-12 13:00:00	220.58147000000002	220.69822	223.995733	222.9500055				0		67.0	-1	8			294	-1.5299999999999985	688.7619999999995	238.94199999999995
222.49	223.23	222.43	223.08	2876414	AAPL	2024-09-12 14:00:00	220.85972	220.68496999999996	223.96313299999997	223.01075550000002				0		67.0	-1	8			295	-1.5299999999999985	688.7619999999995	237.41199999999992
223.09	223.55	222.16	223.19	3542865	AAPL	2024-09-12 15:00:00	221.061225	220.68171999999998	223.946833	223.0820055			hammer	0		67.0	-1	8			296	-1.5299999999999985	688.7619999999995	235.88199999999995
223.18	223.5	222.25	222.87	6960588	AAPL	2024-09-12 16:00:00	221.287725	220.69397000000004	223.92683300000002	223.1470555				0		67.0	-1	8			297	-1.5299999999999985	688.7619999999995	234.35199999999992
222.85	224.6	222.4212	224.46	846029	AAPL	2024-09-13 09:00:00	221.53341999999998	220.72271999999998	223.909583	223.21160550000002				0		67.0	-1	8			298	-1.5299999999999985	688.7619999999995	232.82199999999995
224.49	224.496	221.135	222.52	5164625	AAPL	2024-09-13 10:00:00	221.61892000000003	220.684595	223.878783	223.2705555				0		67.0	-1	8			299	-1.5299999999999985	688.7619999999995	231.29199999999997
222.5	223.5	221.91	223.16	5776363	AAPL	2024-09-13 11:00:00	221.75814	220.72859499999998	223.84713299999999	223.3254055				0		67.0	-1	8			300	-1.5299999999999985	688.7619999999995	229.76199999999994
223.18	223.849	223.1401	223.81	3704289	AAPL	2024-09-13 12:00:00	221.94013999999999	220.799845	223.813033	223.3825055				0		67.0	-1	8			301	-1.5299999999999985	688.7619999999995	228.23199999999997
223.8	223.99	223.055	223.88	2506406	AAPL	2024-09-13 13:00:00	222.11113999999998	220.87984500000002	223.794833	223.43603050000002		223.88	hammer	0		67.0	-1	8			302	-1.5299999999999985	688.7619999999995	226.70199999999994
223.88	224.04	223.32	223.69	2220245	AAPL	2024-09-13 14:00:00	222.27039	220.96546999999995	223.764283	223.4860805				0		67.0	-1	8	224.04	True	303	-1.5299999999999985	688.7619999999995	225.17199999999997
223.7	224.02	222.41	222.4701	3360769	AAPL	2024-09-13 15:00:00	222.46439499999997	221.0137225	223.705917	223.53385600000001				0		67.0	-1	8	224.02	False	304	-1.5299999999999985	688.7619999999995	223.64199999999994
222.47	222.85	222.31	222.46	6061271	AAPL	2024-09-13 16:00:00	222.603395	221.0514725	223.648867	223.579456			inverted_hammer	0		67.0	-1	8	222.85	False	305	-1.5299999999999985	688.7619999999995	222.11199999999997
217.0	222.5	216.75	217.01	724140	AAPL	2024-09-16 09:00:00	222.40025500000002	220.94922250000005	223.538067	223.608156			inverted_hammer	0		67.0	-1	8			306	-1.5299999999999985	688.7619999999995	220.58199999999994
217.07	217.15	213.92	215.195	14290508	AAPL	2024-09-16 10:00:00	222.106005	220.8480975	223.404767	223.62133100000003	215.195			1	CN	67.0	0	8			307	-1.5299999999999985	688.7619999999995	219.05199999999996
215.18	217.22	215.02	215.3	9911898	AAPL	2024-09-16 11:00:00	221.79850499999998	220.8005975	223.27346699999998	223.62373100000002			inverted_hammer	0		67.0	1	8			308	-1.5299999999999985	688.7619999999995	217.52199999999993
215.29	216.58	214.84	215.955	6284387	AAPL	2024-09-16 12:00:00	221.45325499999998	220.70172250000002	223.15161700000002	223.63000599999998				0		67.0	1	8			309	-1.5299999999999985	688.7619999999995	215.99199999999996
215.97	216.05	214.91	215.59	4466661	AAPL	2024-09-16 13:00:00	221.097755	220.5877225	223.02421700000002	223.630781				0		67.0	1	8			310	-1.5299999999999985	688.7619999999995	214.462
215.59	216.4	215.52	216.21	3695537	AAPL	2024-09-16 14:00:00	220.856255	220.51373750000002	222.900317	223.632249				0		67.0	1	8			311	-1.5299999999999985	688.7619999999995	212.93199999999996
216.215	216.52	215.98	216.4	3600477	AAPL	2024-09-16 15:00:00	220.586255	220.47673749999998	222.789517	223.63619899999998		216.4		0		67.0	1	8			312			
216.405	216.7	215.92	216.3	7308355	AAPL	2024-09-16 16:00:00	220.30250499999997	220.35948749999997	222.68421700000002	223.636199				0		67.0	1	8			313			
216.65	217.0285	215.01	216.07	258150	AAPL	2024-09-17 09:00:00	219.981005	220.2812375	222.56972700000003	223.633149	216.07			0	CN	67.0	1	8			314			
216.1	216.69	214.18	216.22	7502887	AAPL	2024-09-17 10:00:00	219.63800499999996	220.2488625	222.472977	223.629287			hammer	0		67.0	1	8			315			
216.24	216.9	215.53	216.1299	6676038	AAPL	2024-09-17 11:00:00	219.285	220.17311250000003	222.362637	223.61678650000002				0		67.0	1	8			316			
216.105	216.84	215.96	216.6	4097073	AAPL	2024-09-17 12:00:00	218.97150000000002	220.12961249999998	222.26353699999999	223.606136		216.6		0		67.0	1	8			317			
216.6	216.63	215.23	215.795	4962850	AAPL	2024-09-17 13:00:00	218.53825	220.035835	222.11828699999998	223.59916099999998	215.795			0	CN	67.0	1	8			318			
215.81	216.39	215.05	216.1301	4133746	AAPL	2024-09-17 14:00:00	218.21875500000002	219.91883749999997	221.963888	223.5955865				0		67.0	1	8			319			
216.14	216.39	215.3	215.84	3063255	AAPL	2024-09-17 15:00:00	217.85275499999997	219.80544749999999	221.79858800000002	223.58786050000003				0		67.0	1	8			320			
215.84	216.85	215.7201	216.85	7047703	AAPL	2024-09-17 16:00:00	217.50475500000002	219.7224475	221.65028900000001	223.5843605				0		67.0	1	8			321			
215.8975	217.14	215.4412	217.125	146829	AAPL	2024-09-18 09:00:00	217.16700500000002	219.63907250000003	221.496139	223.5772855				0		67.0	1	8			322			
217.13	220.33	215.09	219.205	7015919	AAPL	2024-09-18 10:00:00	216.94275499999998	219.6065725	221.370789	223.56766050000002				0		67.0	1	8			323			
219.21	221.61	218.98	220.93	9336268	AAPL	2024-09-18 11:00:00	216.86575000000002	219.6650725	221.275589	223.56746049999998				0		67.0	1	8			324			
220.935	221.3999	219.52	219.6115	5897925	AAPL	2024-09-18 12:00:00	216.72332500000002	219.66335999999995	221.173404	223.55991649999999				0		67.0	1	8			325			
219.61	221.36	219.55	221.285	4309593	AAPL	2024-09-18 13:00:00	216.937075	219.66866499999998	221.079254	223.5584165				0		67.0	1	8			326			
221.285	221.53	220.34	220.6816	4462352	AAPL	2024-09-18 14:00:00	217.211405	219.658705	220.99537	223.5571745				0		67.0	1	8			327			
397.8899	399.23	397.39	398.62	4249245	SPY	2022-11-14 13:00:00	395.20277500000003	387.60492						0		1.0	-1	1			328			
398.62	400.17	398.39	400.1001	4864372	SPY	2022-11-14 14:00:00	395.71878	388.1594225						0		1.0	-1	1			329			
400.1	400.1799	398.53	398.75	4928203	SPY	2022-11-14 15:00:00	396.13453	388.6449225						0		1.0	-1	1			330			
398.78	399.49	394.83	395.18	13372192	SPY	2022-11-14 16:00:00	396.29953	389.0259225						0		1.0	-1	1			331			
398.0	403.54	396.8	402.43	2479675	SPY	2022-11-15 09:00:00	396.96653000000003	389.5581725				402.43		0		1.0	-1	1	403.54	True	332			
402.35	402.48	399.97	401.62	7353366	SPY	2022-11-15 10:00:00	397.48353000000003	390.08892249999997					hammer	0		1.0	-1	1	402.48	False	333	-0.451474019607844	552.682766666667	402.341918137255
401.63	402.17	399.83	400.27	7264276	SPY	2022-11-15 11:00:00	397.88403	390.5191725						0		1.0	-1	1	402.17	False	334	-0.451474019607844	552.682766666667	401.8904441176471
400.25	401.565	399.35	401.2	5889278	SPY	2022-11-15 12:00:00	398.21203	390.9356725						0		1.0	-1	1			335	-0.451474019607844	552.682766666667	401.43897009803925
401.2	401.32	399.41	399.9986	4158847	SPY	2022-11-15 13:00:00	398.37046	391.3238875						0		1.0	-1	1			336	-0.451474019607844	552.682766666667	400.98749607843143
400.0	400.29	394.49	396.47	15343358	SPY	2022-11-15 14:00:00	398.43595999999997	391.71688750000004						0		1.0	-1	1			337	-0.451474019607844	552.682766666667	400.5360220588236
396.475	399.16	394.93	398.71	11806730	SPY	2022-11-15 15:00:00	398.55496	392.1696375						0		1.0	-1	1			338	-0.451474019607844	552.682766666667	400.08454803921575
398.68	399.52	397.46	398.54	12078504	SPY	2022-11-15 16:00:00	398.72246	392.5838875						0		1.0	-1	1			339	-0.451474019607844	552.682766666667	399.6330740196079
398.2498	399.9604	396.5	396.99	1092659	SPY	2022-11-16 09:00:00	398.76371000000006	393.0093875						0		1.0	-1	1			340	-0.451474019607844	552.682766666667	399.18160000000006
396.99	397.78	395.73	396.35	6106542	SPY	2022-11-16 10:00:00	398.67221	393.4502625						0		1.0	-1	1			341	-0.451474019607844	552.682766666667	398.73012598039224
396.32	397.1818	395.185	395.53	6911051	SPY	2022-11-16 11:00:00	398.48721	393.88228999999995						0		1.0	-1	1			342	-0.451474019607844	552.682766666667	398.2786519607844
395.5	396.95	395.42	396.5	4690122	SPY	2022-11-16 12:00:00	398.38721	394.31809						0		1.0	-1	1			343	-0.451474019607844	552.682766666667	397.8271779411765
396.52	397.65	395.7209	396.71	4376190	SPY	2022-11-16 13:00:00	398.37071	394.77259250000003						0		1.0	-1	1			344	-0.451474019607844	552.682766666667	397.3757039215687
396.685	396.91	395.13	395.3	4104837	SPY	2022-11-16 14:00:00	398.27943500000003	395.2515925						0		1.0	-1	1			345	-0.451474019607844	552.682766666667	396.92422990196087
395.26	396.22	394.93	396.18	5434172	SPY	2022-11-16 15:00:00	398.166935	395.78510500000004						0		1.0	-1	1			346	-0.451474019607844	552.682766666667	396.472755882353
396.15	396.27	394.79	395.51	14261464	SPY	2022-11-16 16:00:00	398.047935	396.319105						0		1.0	-1	1			347	-0.451474019607844	552.682766666667	396.0212818627451
393.47	397.12	390.27	390.36	1355548	SPY	2022-11-17 09:00:00	397.634935	396.418855			390.36			1	CF	1.0	0	1			348	-0.451474019607844	552.682766666667	395.5698078431373
390.36	391.7	390.04	390.3744	6843364	SPY	2022-11-17 10:00:00	397.14865	396.433715					inverted_hammer	0		1.0	1	1			349	-0.451474019607844	552.682766666667	395.1183338235295
390.33	392.2	390.14	390.56	7948516	SPY	2022-11-17 11:00:00	396.73915	396.43683999999996					inverted_hammer	0		1.0	1	1			350	-0.451474019607844	552.682766666667	394.6668598039216
390.541	393.18	390.29	393.14	6609381	SPY	2022-11-17 12:00:00	396.63715	396.46834	386.222327					0		1.0	1	1			351	-0.451474019607844	552.682766666667	394.21538578431375
393.1401	394.548	392.73	394.26	6410626	SPY	2022-11-17 13:00:00	396.22864999999996	396.59759	386.261427					0		1.0	1	1			352	-0.451474019607844	552.682766666667	393.76391176470594
394.26	394.95	393.69	394.2111	5286021	SPY	2022-11-17 14:00:00	395.858205	396.6708675	386.323131					0		1.0	1	1			353			
394.22	394.65	392.5	393.15	5487537	SPY	2022-11-17 15:00:00	395.502205	396.6931175	386.414531					0		1.0	1	1			354			
393.1339	394.365	391.64	394.28	11533287	SPY	2022-11-17 16:00:00	395.156205	396.6841175	386.51193100000006					0		1.0	1	1			355			
397.32	398.07	393.3	397.8	551360	SPY	2022-11-18 09:00:00	395.046275	396.7083675	386.64263099999994			397.8	hammer	0		1.0	1	1			356			
397.8	398.09	395.56	395.785	7389673	SPY	2022-11-18 10:00:00	395.012025	396.7239925	386.74958100000003					0		1.0	1	1			357			
395.82	395.9899	394.25	394.58	8119034	SPY	2022-11-18 11:00:00	394.805525	396.6802425	386.841482					0		1.0	1	1			358			
394.59	395.99	394.05	395.14	5455211	SPY	2022-11-18 12:00:00	394.63552500000003	396.6789925	386.947582					0		1.0	1	1			359			
395.12	395.31	393.04	393.835	5014395	SPY	2022-11-18 13:00:00	394.47777499999995	396.62074249999995	387.044232		393.835			0		1.0	1	1			360			
393.83	394.86	393.38	393.89	4629568	SPY	2022-11-18 14:00:00	394.354775	396.5134925	387.15873200000004				inverted_hammer	0		1.0	1	1			361			
393.8818	394.815	393.82	394.7	4807385	SPY	2022-11-18 15:00:00	394.31327500000003	396.4002425	387.278232					0		1.0	1	1			362			
394.71	397.01	394.64	396.09	17709368	SPY	2022-11-18 16:00:00	394.292775	396.3399925	387.412032			396.09		0		1.0	1	1			363			
394.06	395.06	393.7804	394.87	337033	SPY	2022-11-21 09:00:00	394.200775	396.2857425	387.53593199999995					0		1.0	1	1			364			
394.9	395.82	394.28	395.205	4012598	SPY	2022-11-21 10:00:00	394.196025	396.23773	387.654732					0		1.0	1	1			365			
395.21	395.538	393.23	393.88	5918415	SPY	2022-11-21 11:00:00	394.081025	396.12397999999996	387.788632					0		1.0	1	1			366			
393.89	394.35	392.66	393.215	4198797	SPY	2022-11-21 12:00:00	393.96627499999994	396.007105	387.972082		393.215			0		1.0	1	1			367			
393.215	394.68	393.12	393.92	3816345	SPY	2022-11-21 13:00:00	394.144275	395.88960499999996	388.199882					0		1.0	1	1			368			
418.67	418.99	417.99	418.61	11751628	SPY	2023-05-19 16:00:00	417.31766	414.5916125	412.31510899999995	412.060211			hammer	0		26.0	-1	2			369			
418.42	419.25	418.1	418.905	429058	SPY	2023-05-22 09:00:00	417.54141	414.7534875	412.38265900000005	412.09173599999997				0		26.0	-1	2			370			
418.91	420.525	417.795	419.0684	6504621	SPY	2023-05-22 10:00:00	417.70733	414.9591975	412.452143	412.12368499999997				0		26.0	-1	2			371			
419.06	419.38	417.35	418.81	12132878	SPY	2023-05-22 11:00:00	417.91933	415.143915	412.51841799999994	412.1560345			hammer	0		26.0	-1	2			372			
418.82	419.5	418.5	419.25	5857969	SPY	2023-05-22 12:00:00	418.12133000000006	415.325665	412.631018	412.19393449999995				0		26.0	-1	2			373			
419.25	419.46	418.74	419.085	4060333	SPY	2023-05-22 13:00:00	418.34408	415.48379000000006	412.752268	412.23051				0		26.0	-1	2			374	-0.5574529670329668	630.2191241758242	421.7317145054946
419.08	419.4899	418.25	419.16	6324701	SPY	2023-05-22 14:00:00	418.54461000000003	415.65529	412.887868	412.269693			hammer	0		26.0	-1	2			375	-0.5574529670329668	630.2191241758242	421.1742615384616
419.14	420.24	419.1	419.76	7078536	SPY	2023-05-22 15:00:00	418.66861	415.83854	413.036768	412.304993		419.76		0		26.0	-1	2	420.24	True	376	-0.5574529670329668	630.2191241758242	420.6168085714287
419.76	419.95	418.405	418.78	12552986	SPY	2023-05-22 16:00:00	418.75361000000004	415.98279	413.180967	412.32919300000003				0		26.0	-1	2	419.95	False	377	-0.5574529670329668	630.2191241758242	420.0593556043957
418.5985	419.61	417.47	417.585	238983	SPY	2023-05-23 09:00:00	418.82286000000005	416.12591499999996	413.29861700000004	412.338118				0		26.0	-1	2	419.61	False	378	-0.5574529670329668	630.2191241758242	419.5019026373627
417.58	418.07	416.84	417.66	6773906	SPY	2023-05-23 10:00:00	418.92461000000003	416.27691500000003	413.413897	412.35304299999996			hammer	0		26.0	-1	2			379	-0.5574529670329668	630.2191241758242	418.94444967032973
417.65	418.13	416.96	417.382	7295922	SPY	2023-05-23 11:00:00	418.94221	416.424715	413.535226	412.37337799999995				0		26.0	-1	2			380	-0.5574529670329668	630.2191241758242	418.3869967032968
417.38	418.722	417.32	417.68	5665859	SPY	2023-05-23 12:00:00	418.86471	416.56896500000005	413.660326	412.395678			inverted_hammer	0		26.0	-1	2			381	-0.5574529670329668	630.2191241758242	417.8295437362638
417.68	417.9301	415.89	416.313	10962301	SPY	2023-05-23 13:00:00	418.63985999999994	416.67554	413.743956	412.40829299999996				0		26.0	-1	2			382	-0.5574529670329668	630.2191241758242	417.2720907692309
416.32	416.94	415.2	415.68	9844848	SPY	2023-05-23 14:00:00	418.39636	416.77054	413.79960600000004	412.416937				0		26.0	-1	2			383	-0.5574529670329668	630.2191241758242	416.7146378021979
415.69	416.25	413.68	414.71	12723148	SPY	2023-05-23 15:00:00	418.11536000000007	416.84604	413.836106	412.42133049999995				0		26.0	-1	2			384	-0.5574529670329668	630.2191241758242	416.1571848351649
414.73	415.08	413.885	414.09	20272106	SPY	2023-05-23 16:00:00	417.89411	416.94204	413.86690600000003	412.4206805				0		26.0	-1	2			385	-0.5574529670329668	630.2191241758242	415.5997318681319
412.8988	414.94	412.21	412.29	349096	SPY	2023-05-24 09:00:00	417.5746700000001	416.94529	413.878916	412.42353049999997			inverted_hammer	0		26.0	-1	2			386	-0.5574529670329668	630.2191241758242	415.042278901099
412.27	417.685	410.97	411.135	8271782	SPY	2023-05-24 10:00:00	417.23117	416.954165	413.871667	412.41770549999995			inverted_hammer	0		26.0	-1	2			387	-0.5574529670329668	630.2191241758242	414.48482593406607
411.13	412.43	410.3	410.46	12082379	SPY	2023-05-24 11:00:00	416.82066999999995	416.918665	413.843707	412.4034055			inverted_hammer	0		26.0	-1	2			388	-0.5574529670329668	630.2191241758242	413.9273729670331
410.47	411.93	410.1501	410.43	11159725	SPY	2023-05-24 12:00:00	416.41166999999996	416.86466499999995	413.821907	412.38695549999994	410.43		inverted_hammer	1	CF	26.0	0	2			389	-0.5574529670329668	630.2191241758242	413.3699200000001
410.43	410.98	409.8795	410.61	7908601	SPY	2023-05-24 13:00:00	415.99691999999993	416.769165	413.79650699999996	412.369851				0		26.0	1	2			390	-0.5574529670329668	630.2191241758242	412.8124670329671
410.61	411.54	409.9901	411.2	6175368	SPY	2023-05-24 14:00:00	415.6035	416.655415	413.78678099999996	412.353154				0		26.0	1	2			391	-0.5574529670329668	630.2191241758242	412.2550140659341
411.2	411.57	410.13	410.45	6549767	SPY	2023-05-24 15:00:00	415.18550000000005	416.552415	413.76738000000006	412.33275399999997				0		26.0	1	2			392	-0.5574529670329668	630.2191241758242	411.6975610989012
410.46	412.82	410.17	411.09	22061531	SPY	2023-05-24 16:00:00	414.77750000000003	416.44941500000004	413.75188	412.317154			inverted_hammer	0		26.0	1	2			393	-0.5574529670329668	630.2191241758242	411.14010813186826
413.55	415.21	411.09	415.0	2169096	SPY	2023-05-25 09:00:00	414.57325000000003	416.458665	413.77918	412.334454				0		26.0	1	2			394			
414.98	415.32	411.0315	413.15	21535554	SPY	2023-05-25 10:00:00	414.27275	416.40868	413.78308000000004	412.341904				0		26.0	1	2			395			
413.14	413.97	411.0315	413.7399	24311606	SPY	2023-05-25 11:00:00	413.971745	416.32017749999994	413.789279	412.34700399999997			hammer	0		26.0	1	2			396			
413.74	414.63	411.0315	413.1018	23375728	SPY	2023-05-25 12:00:00	413.687835	416.2207225	413.792397	412.350924				0		26.0	1	2			397			
413.11	414.55	411.0315	413.6707	17728440	SPY	2023-05-25 13:00:00	413.49212	416.15748999999994	413.81710400000003	412.3530775				0		26.0	1	2			398			
413.69	415.1	411.0315	414.9799	13203542	SPY	2023-05-25 14:00:00	413.358115	416.1413625	413.850603	412.36182700000006			hammer	0		26.0	1	2			399			
414.97	416.16	411.0315	414.1199	10798601	SPY	2023-05-25 15:00:00	413.19501	416.06861	413.878102	412.37427599999995			hammer	0		26.0	1	2			400			
414.12	415.68	393.84	414.63	18174482	SPY	2023-05-25 16:00:00	413.04250999999994	415.9536099999999	413.91410199999996	412.388026			hammer	0		26.0	1	2			401			
415.4216	415.9	413.6	415.35	659741	SPY	2023-05-26 09:00:00	412.99436	415.81710999999996	413.954052	412.40477599999997			hammer	0		26.0	1	2			402			
415.3	417.41	415.22	417.02	8810083	SPY	2023-05-26 10:00:00	413.06136	415.72886	414.00585199999995	412.435126				0		26.0	1	2			403			
417.0	419.81	416.88	419.36	16001814	SPY	2023-05-26 11:00:00	413.29386000000005	415.70461000000006	414.084753	412.4778445				0		26.0	1	2			404			
419.37	419.72	418.2799	419.05	10385436	SPY	2023-05-26 12:00:00	413.54186	415.71798499999994	414.165653	412.51436950000004				0		26.0	1	2			405			
419.06	419.97	418.97	419.72	6987487	SPY	2023-05-26 13:00:00	413.91336	415.74401499999993	414.22035300000005	412.55491950000004				0		26.0	1	2			406			
419.725	420.03	419.15	419.565	5942128	SPY	2023-05-26 14:00:00	414.33486000000005	415.783015	414.291093	412.59164450000003				0		26.0	1	2			407			
419.57	420.49	419.05	420.12	6120145	SPY	2023-05-26 15:00:00	414.81786	415.819265	414.38310299999995	412.6321445				0		26.0	1	2			408			
420.13	420.77	419.78	419.98	20793916	SPY	2023-05-26 16:00:00	415.29535999999996	415.85351499999996	414.4661530000001	412.6711445			inverted_hammer	0		26.0	1	2			409			
477.2	477.345	476.26	476.68	20406595	SPY	2023-12-28 16:00:00	476.20394999999996	474.613845	471.49747499999995	463.93192300000004				0		56.0	-1	3			410			
477.22	477.65	476.48	476.525	174176	SPY	2023-12-29 09:00:00	476.2777	474.73197	471.653122	464.0399479999999				0		56.0	-1	3	477.65	True	411			
476.53	477.295	476.41	476.76	4357122	SPY	2023-12-29 10:00:00	476.35570000000007	474.86597	471.80431400000003	464.149073			inverted_hammer	0		56.0	-1	3	477.295	False	412			
476.76	477.03	475.04	475.4403	13021197	SPY	2023-12-29 11:00:00	476.33971999999994	474.9727275	471.943317	464.25373250000007				0		56.0	-1	3			413			
475.45	475.685	473.77	474.2	15450402	SPY	2023-12-29 12:00:00	476.27022	475.06397749999996	472.065617	464.3471825				0		56.0	-1	3			414			
474.2	474.58	473.3	474.48	9438660	SPY	2023-12-29 13:00:00	476.20721999999995	475.18898	472.19301699999994	464.44417999999996			hammer	0		56.0	-1	3			415	-0.343187969924811	618.4410413533831	476.0180338345865
474.48	475.32	473.815	475.05	7965633	SPY	2023-12-29 14:00:00	476.15922	475.30147999999997	472.328567	464.54283000000004				0		56.0	-1	3			416	-0.343187969924811	618.4410413533831	475.67484586466173
475.06	475.695	474.89	475.565	13179431	SPY	2023-12-29 15:00:00	476.16696999999994	475.42635500000006	472.457617	464.646455				0		56.0	-1	3			417	-0.343187969924811	618.4410413533831	475.33165789473685
475.565	475.89	474.49	475.35	31054018	SPY	2023-12-29 16:00:00	476.14572	475.49335499999995	472.58521700000006	464.74805499999997			hammer	0		56.0	-1	3			418	-0.343187969924811	618.4410413533831	474.9884699248121
471.775	477.3	471.64	472.05	568811	SPY	2024-01-02 09:00:00	475.9707200000001	475.44535499999995	472.679517	464.83123			inverted_hammer	0		56.0	-1	3	477.3	False	419	-0.343187969924811	618.4410413533831	474.6452819548873
472.04	472.8	471.36	472.27	12533264	SPY	2024-01-02 10:00:00	475.78322	475.3793549999999	472.770117	464.9163295				0		56.0	-1	3			420	-0.343187969924811	618.4410413533831	474.3020939849624
472.275	472.71	471.3	471.68	10075308	SPY	2024-01-02 11:00:00	475.59172	475.317605	472.851267	464.9990795				0		56.0	-1	3			421	-0.343187969924811	618.4410413533831	473.95890601503766
471.67	473.29	471.63	473.185	8322702	SPY	2024-01-02 12:00:00	475.42546999999996	475.29560499999997	472.94151700000003	465.0902545				0		56.0	-1	3			422	-0.343187969924811	618.4410413533831	473.6157180451128
473.19	473.67	472.59	472.65	8941505	SPY	2024-01-02 13:00:00	475.22547000000003	475.24810499999995	473.01521699999995	465.1772045				0		56.0	-1	3			423	-0.343187969924811	618.4410413533831	473.272530075188
472.65	472.97	472.0	472.1499	8633276	SPY	2024-01-02 14:00:00	474.9734649999999	475.1963525	473.09196599999996	465.262804				0		56.0	-1	3			424	-0.343187969924811	618.4410413533831	472.92934210526323
472.13	472.25	470.92	470.925	10370668	SPY	2024-01-02 15:00:00	474.665715	475.12247749999995	473.14971599999996	465.34092899999996				0		56.0	-1	3			425	-0.343187969924811	618.4410413533831	472.5861541353384
470.9275	472.67	470.49	472.6	32424206	SPY	2024-01-02 16:00:00	474.45271	475.09697750000004	473.229316	465.426754				0		56.0	-1	3			426	-0.343187969924811	618.4410413533831	472.2429661654136
470.96	472.75	470.54	470.645	411038	SPY	2024-01-03 09:00:00	474.12100499999997	475.00635250000005	473.290966	465.506879			inverted_hammer	0		56.0	-1	3			427	-0.343187969924811	618.4410413533831	471.8997781954888
470.65	472.165	469.65	469.97	9279291	SPY	2024-01-03 10:00:00	473.76851000000005	474.8888524999999	473.346466	465.58414450000004			inverted_hammer	0		56.0	-1	3			428	-0.343187969924811	618.4410413533831	471.556590225564
469.95	470.96	468.71	469.39	17131505	SPY	2024-01-03 11:00:00	473.37825999999995	474.75110250000006	473.34256600000003	465.6571445				0		56.0	-1	3			429	-0.343187969924811	618.4410413533831	471.21340225563915
469.39	469.93	469.1299	469.2601	10539049	SPY	2024-01-03 12:00:00	473.007265	474.6056075	473.33076700000004	465.728251	469.2601		inverted_hammer	1	CN	56.0	0	3			430	-0.343187969924811	618.4410413533831	470.8702142857144
469.26	470.39	468.97	470.3	6160980	SPY	2024-01-03 13:00:00	472.696015	474.48685750000004	473.30046699999997	465.80390100000005		470.3		0		56.0	1	3			431	-0.343187969924811	618.4410413533831	470.5270263157895
470.29	470.77	469.86	470.0825	6139713	SPY	2024-01-03 14:00:00	472.36214	474.35892	473.269892	465.87863849999997				0		56.0	1	3			432	-0.343187969924811	618.4410413533831	470.18383834586473
470.08	471.19	468.95	470.2283	14614484	SPY	2024-01-03 15:00:00	472.10154	474.22062999999997	473.246276	465.95650499999994				0		56.0	1	3			433	-0.343187969924811	618.4410413533831	469.8406503759399
470.23	470.29	468.17	468.73	25265512	SPY	2024-01-03 16:00:00	471.82804	474.04913	473.20817600000004	466.0276549999999				0		56.0	1	3			434	-0.343187969924811	618.4410413533831	469.4974624060151
469.08	469.9	468.5	468.64	374979	SPY	2024-01-04 09:00:00	471.53604000000007	473.87163	473.174675	466.1012549999999	468.64			0	CN	56.0	1	3			435			
468.65	470.505	468.1	468.92	6583484	SPY	2024-01-04 10:00:00	471.22954	473.69438	473.16207499999996	466.1777895			inverted_hammer	0		56.0	1	3			436			
468.9	470.24	468.685	469.851	8113383	SPY	2024-01-04 11:00:00	470.94384	473.55540499999995	473.14538500000003	466.2511945		469.851		0		56.0	1	3			437			
469.87	470.96	469.46	469.72	6799885	SPY	2024-01-04 12:00:00	470.66234000000003	473.40403	473.122585	466.3196945			inverted_hammer	0		56.0	1	3			438			
469.72	469.8382	468.665	469.132	5530693	SPY	2024-01-04 13:00:00	470.51644	473.24357999999995	473.113905	466.39085400000005				0		56.0	1	3			439			
469.13	469.47	468.97	469.07	3916794	SPY	2024-01-04 14:00:00	470.35644	473.06983	473.113105	466.464254			inverted_hammer	0		56.0	1	3			440			
469.08	469.33	468.17	468.68	10400040	SPY	2024-01-04 15:00:00	470.20644000000004	472.89907999999997	473.096705	466.53390399999995				0		56.0	1	3			441			
468.6832	469.04	467.05	467.27	26361260	SPY	2024-01-04 16:00:00	469.91069000000005	472.66808000000003	473.068606	466.59585400000003				0		56.0	1	3			442			
466.24	467.74	464.61	466.37	2167359	SPY	2024-01-05 09:00:00	469.59668999999997	472.41108	473.038756	466.642054	466.37			0	CF	56.0	1	3			443			
466.4	470.665	466.38	468.1699	8126390	SPY	2024-01-05 10:00:00	469.39769000000007	472.1855775	473.033655	466.69235349999997				0		56.0	1	3			444			
468.15	470.42	468.15	470.14	13159281	SPY	2024-01-05 11:00:00	469.35844	472.01207750000003	473.045155	466.76000350000004		470.14		0		56.0	1	3			445			
470.14	470.44	468.59	468.79	8485494	SPY	2024-01-05 12:00:00	469.16794	471.81032500000003	473.039355	466.8251285				0		56.0	1	3			446			
468.77	468.84	467.14	467.54	11579758	SPY	2024-01-05 13:00:00	469.01269	471.56684749999994	473.004755	466.8813785				0		56.0	1	3			447			
467.525	468.69	466.68	468.35	8149704	SPY	2024-01-05 14:00:00	468.93169	471.3501	472.974555	466.942623				0		56.0	1	3			448			
468.37	468.98	466.65	466.815	7974933	SPY	2024-01-05 15:00:00	468.80294000000004	471.0906	472.930005	466.999073	466.815			0	CN	56.0	1	3			449			
466.82	468.29	466.43	467.96	16432972	SPY	2024-01-05 16:00:00	468.737935	470.8726	472.88970500000005	467.065773				0		56.0	1	3			450			
521.865	521.865	515.5	515.891	26202449	SPY	2024-04-04 15:00:00	519.9949349999999	521.0824375	519.847281	515.9932655				0		67.0	-1	4			451			
515.89	516.06	512.755	513.03	33614886	SPY	2024-04-04 16:00:00	519.790055	520.8289374999999	519.8353309999999	516.0274655000001	513.03			0	CF	67.0	-1	4			452			
514.4412	515.749	512.5	514.4393	2319878	SPY	2024-04-05 09:00:00	519.6135200000001	520.61192	519.84459	516.060412				0		67.0	-1	4			453			
514.48	518.925	513.525	515.92	7570270	SPY	2024-04-05 10:00:00	519.5220200000001	520.4289200000001	519.86579	516.097562				0		67.0	-1	4			454			
515.92	518.0913	514.89	518.06	10128680	SPY	2024-04-05 11:00:00	519.53552	520.29467	519.9084899999999	516.150592				0		67.0	-1	4			455			
518.05	519.72	516.43	519.43	10222244	SPY	2024-04-05 12:00:00	519.56452	520.1906700000001	519.97409	516.2144920000001				0		67.0	-1	4			456	-1.4700000000000273	1211.6500000000128	541.3300000000004
519.43	520.44	519.08	520.3398	8389235	SPY	2024-04-05 13:00:00	519.68301	520.115415	520.063084	516.279316		520.3398		0		67.0	-1	4			457	-1.4700000000000273	1211.6500000000128	539.8600000000004
520.33	520.43	517.43	517.8099	7418024	SPY	2024-04-05 14:00:00	519.6540050000001	519.9761625	520.124284	516.3293655	517.8099			0		67.0	-1	4			458	-1.4700000000000273	1211.6500000000128	538.3900000000003
517.8	519.28	516.97	517.865	8432020	SPY	2024-04-05 15:00:00	519.5132550000001	519.8195375	520.1806339999999	516.3799405			inverted_hammer	0		67.0	-1	4			459	-1.4700000000000273	1211.6500000000128	536.9200000000003
517.88	519.295	517.68	518.4	12635340	SPY	2024-04-05 16:00:00	519.42375	519.7015375	520.232832	516.4319405				0		67.0	-1	4			460	-1.4700000000000273	1211.6500000000128	535.4500000000003
518.1885	519.91	515.665	519.8	323902	SPY	2024-04-08 09:00:00	519.39825	519.5925375	520.284033	516.4875905				0		67.0	-1	4			461	-1.4700000000000273	1211.6500000000128	533.9800000000002
519.81	519.95	517.98	518.83	4808933	SPY	2024-04-08 10:00:00	519.31225	519.4609125	520.3224329999999	516.5363405				0		67.0	-1	4			462	-1.4700000000000273	1211.6500000000128	532.5100000000002
518.84	520.18	518.2	519.99	6380745	SPY	2024-04-08 11:00:00	519.31375	519.4027874999999	520.373333	516.5829904999999		519.99		0		67.0	-1	4			463	-1.4700000000000273	1211.6500000000128	531.0400000000002
519.99	520.13	518.28	518.73	5354328	SPY	2024-04-08 12:00:00	519.28225	519.3433175	520.403033	516.6209365				0		67.0	-1	4			464	-1.4700000000000273	1211.6500000000128	529.5700000000002
518.73	519.44	517.89	519.44	4920899	SPY	2024-04-08 13:00:00	519.10525	519.2816925	520.4432330000001	516.6590865				0		67.0	-1	4			465	-1.4700000000000273	1211.6500000000128	528.1000000000001
519.43	519.46	518.65	519.31	3534152	SPY	2024-04-08 14:00:00	518.92875	519.2209425	520.482033	516.6925615			hammer	0		67.0	-1	4			466	-1.4700000000000273	1211.6500000000128	526.6300000000001
519.31	519.48	518.6699	519.255	4577136	SPY	2024-04-08 15:00:00	518.755	519.1558175	520.515883	516.7233369999999			hammer	0		67.0	-1	4			467	-1.4700000000000273	1211.6500000000128	525.1600000000001
519.26	519.7	518.23	518.67	12842767	SPY	2024-04-08 16:00:00	518.5255	519.0670675	520.543283	516.752487				0		67.0	-1	4			468	-1.4700000000000273	1211.6500000000128	523.69
518.2582	520.16	518.0	519.95	218680	SPY	2024-04-09 09:00:00	518.351	519.0933175	520.581383	516.793037				0		67.0	-1	4			469	-1.4700000000000273	1211.6500000000128	522.22
519.93	520.75	518.77	518.88	5758524	SPY	2024-04-09 10:00:00	518.202	519.1253175	520.615383	516.8249119999999				0		67.0	-1	4	520.75	True	470	-1.4700000000000273	1211.6500000000128	520.75
518.89	519.28	514.35	515.515	12918398	SPY	2024-04-09 11:00:00	518.1832	519.0890675	520.5814330000001	516.8391869999999	515.515			1	CN	67.0	0	4	519.28	False	471	-1.4700000000000273	1211.6500000000128	519.28
515.52	517.125	515.19	516.825	7552470	SPY	2024-04-09 12:00:00	518.37295	519.0815025	520.545483	516.8596620000001		516.825		0		67.0	1	4			472	-1.4700000000000273	1211.6500000000128	517.81
516.825	517.78	516.575	516.79	4511251	SPY	2024-04-09 13:00:00	518.490485	519.0520025	520.481783	516.8788119999999			inverted_hammer	0		67.0	1	4			473	-1.4700000000000273	1211.6500000000128	516.3399999999999
516.8	517.64	516.6	516.6701	4376883	SPY	2024-04-09 14:00:00	518.5279899999999	519.0250050000001	520.414184	516.8983375			inverted_hammer	0		67.0	1	4			474	-1.4700000000000273	1211.6500000000128	514.8699999999999
516.67	517.29	516.23	516.51	5215817	SPY	2024-04-09 15:00:00	518.45049	518.993005	520.343284	516.9118125				0		67.0	1	4			475	-1.4700000000000273	1211.6500000000128	513.3999999999999
516.5	519.44	515.71	519.29	18888462	SPY	2024-04-09 16:00:00	518.4434899999999	519.004005	520.298684	516.9470125				0		67.0	1	4			476			
519.8825	521.85	511.265	512.74	3855165	SPY	2024-04-10 09:00:00	518.0635	518.873255	520.1884839999999	516.9597875				0		67.0	1	4			477			
512.75	514.48	511.55	513.985	11043614	SPY	2024-04-10 10:00:00	517.872255	518.76313	520.100234	516.9814125				0		67.0	1	4			478			
514.0	516.16	513.41	514.46	12083806	SPY	2024-04-10 11:00:00	517.702005	518.60763	520.021634	517.0131125			inverted_hammer	0		67.0	1	4			479			
514.47	514.53	513.0	513.3499	7129851	SPY	2024-04-10 12:00:00	517.4495	518.436625	519.934033	517.041462				0		67.0	1	4			480			
513.34	514.38	512.98	514.1679	6123925	SPY	2024-04-10 13:00:00	517.167895	518.2830725	519.857762	517.0723515				0		67.0	1	4			481			
514.1679	515.14	512.09	513.76	13252149	SPY	2024-04-10 14:00:00	516.914395	518.1133225	519.777662	517.1073515				0		67.0	1	4			482			
513.7804	514.68	512.5651	512.635	7950704	SPY	2024-04-10 15:00:00	516.5466450000001	517.9301975000001	519.6934120000001	517.1419265	512.635			0	CN	67.0	1	4			483			
512.63	515.07	512.445	514.16	16091503	SPY	2024-04-10 16:00:00	516.318145	517.8001975	519.618212	517.1769765				0		67.0	1	4			484			
514.4665	515.45	511.3	515.06	1223341	SPY	2024-04-11 09:00:00	516.099145	517.6021975	519.5504119999999	517.2007265			hammer	0		67.0	1	4			485			
515.07	516.031	514.09	514.61	6377202	SPY	2024-04-11 10:00:00	515.864145	517.3964475	519.471062	517.2242265				0		67.0	1	4			486			
514.62	514.69	512.08	513.22	9206200	SPY	2024-04-11 11:00:00	515.562395	517.1586975	519.381562	517.2380515				0		67.0	1	4			487			
513.23	515.45	513.15	515.34	6678422	SPY	2024-04-11 12:00:00	515.395895	516.9606974999999	519.322262	517.2586719999999				0		67.0	1	4			488			
515.33	515.65	514.73	515.29	6789741	SPY	2024-04-11 13:00:00	515.162895	516.7569475	519.2763620000001	517.2784720000001			hammer	0		67.0	1	4			489			
515.3	518.13	514.88	518.0	9502288	SPY	2024-04-11 14:00:00	515.118895	516.6604475	519.253362	517.317722				0		67.0	1	4			490			
518.005	519.48	517.92	518.689	7978816	SPY	2024-04-11 15:00:00	515.277595	516.7303975	519.2338520000001	517.364967		518.689		0		67.0	1	4			491			
509.4	509.65	508.16	508.24	14492702	SPY	2024-04-26 16:00:00	504.87250000000006	503.6321225	505.46056799999997	512.6973005	508.24			0		74.0	-1	5			492			
509.6585	509.99	508.26	509.875	166589	SPY	2024-04-29 09:00:00	505.15	503.9289975	505.417639	512.6377004999999			hammer	0		74.0	-1	5			493			
509.9	510.75	507.275	509.58	5577861	SPY	2024-04-29 10:00:00	505.3075	504.2287475	505.375839	512.5767505			hammer	0		74.0	-1	5			494			
509.57	510.63	509.535	509.88	4818977	SPY	2024-04-29 11:00:00	505.5799999999999	504.5703725	505.348289	512.5208505			inverted_hammer	0		74.0	-1	5			495			
509.88	509.935	509.005	509.7	3367075	SPY	2024-04-29 12:00:00	505.7915	504.8781225000001	505.303689	512.4609505			hammer	0		74.0	-1	5			496			
509.71	510.33	509.5602	509.945	3222846	SPY	2024-04-29 13:00:00	506.30424999999997	505.16649750000005	505.252539	512.4014755000001				0		74.0	-1	5			497	-0.6601592857142841	840.5492126190468	512.4500476190476
509.9499	510.52	509.575	510.175	2927093	SPY	2024-04-29 14:00:00	506.9030000000001	505.3851225	505.20818900000006	512.3396255		510.175		0		74.0	-1	5	510.52	True	498	-0.6601592857142841	840.5492126190468	511.7898883333333
510.1599	510.3916	508.6	509.5515	5040958	SPY	2024-04-29 15:00:00	507.4600750000001	505.59065999999996	505.17150399999997	512.276533				0		74.0	-1	5	510.3916	False	499	-0.6601592857142841	840.5492126190468	511.12972904761904
509.55	510.2	507.25	510.05	13832913	SPY	2024-04-29 16:00:00	507.950075	505.85116000000005	505.118604	512.220433			hammer	0		74.0	-1	5	510.2	False	500	-0.6601592857142841	840.5492126190468	510.4695697619048
509.2815	510.06	507.54	508.19	772648	SPY	2024-04-30 09:00:00	508.271075	506.02115999999995	505.047604	512.1619830000001				0		74.0	-1	5			501	-0.6601592857142841	840.5492126190468	509.80941047619046
508.17	509.54	507.89	509.1308	4341568	SPY	2024-04-30 10:00:00	508.553115	506.17267999999996	504.958912	512.106137				0		74.0	-1	5			502	-0.6601592857142841	840.5492126190468	509.1492511904762
509.16	509.56	508.11	508.64	7019619	SPY	2024-04-30 11:00:00	508.86061500000005	506.25843	504.858422	512.046137				0		74.0	-1	5			503	-0.6601592857142841	840.5492126190468	508.4890919047619
508.65	508.66	506.03	506.61	10215640	SPY	2024-04-30 12:00:00	509.01911499999994	506.31543	504.74402200000003	511.97621200000003				0		74.0	-1	5			504	-0.6601592857142841	840.5492126190468	507.82893261904763
506.61	507.03	504.8	505.29	7659106	SPY	2024-04-30 13:00:00	508.924115	506.31793	504.654122	511.90051199999994				0		74.0	-1	5			505	-0.6601592857142841	840.5492126190468	507.1687733333333
505.3	506.265	504.71	506.11	6447248	SPY	2024-04-30 14:00:00	508.837615	506.32118	504.561822	511.827762				0		74.0	-1	5			506	-0.6601592857142841	840.5492126190468	506.50861404761906
506.105	506.54	504.4	504.795	7616978	SPY	2024-04-30 15:00:00	508.6383650000001	506.297805	504.486671	511.7476869999999				0		74.0	-1	5			507	-0.6601592857142841	840.5492126190468	505.84845476190475
504.795	505.29	502.03	502.04	21138373	SPY	2024-04-30 16:00:00	508.309115	506.207805	504.373071	511.658837				0		74.0	-1	5			508	-0.6601592857142841	840.5492126190468	505.1882954761905
500.8312	508.395	499.4896	500.91	1313294	SPY	2024-05-01 09:00:00	507.87661499999996	506.079055	504.27647099999996	511.557312			inverted_hammer	0		74.0	-1	5			509	-0.6601592857142841	840.5492126190468	504.5281361904762
500.92	501.98	500.4187	500.81	5089714	SPY	2024-05-01 10:00:00	507.446115	505.9430575	504.17967100000004	511.455112			inverted_hammer	0		74.0	-1	5			510	-0.6601592857142841	840.5492126190468	503.8679769047619
500.83	501.61	500.08	501.345	6671843	SPY	2024-05-01 11:00:00	507.043365	505.84568249999995	504.09687099999996	511.355337				0		74.0	-1	5			511	-0.6601592857142841	840.5492126190468	503.2078176190476
501.34	501.49	500.05	500.24	5335118	SPY	2024-05-01 12:00:00	506.643365	505.7579325	503.99107100000003	511.2495525	500.24			1	CN	74.0	0	5			512	-0.6601592857142841	840.5492126190468	502.54765833333335
500.24	501.15	499.865	500.425	3548416	SPY	2024-05-01 13:00:00	506.17086499999994	505.6604325	503.848021	511.1472775				0		74.0	1	5			513	-0.6601592857142841	840.5492126190468	501.8874990476191
500.42	501.3903	499.925	500.99	3700814	SPY	2024-05-01 14:00:00	505.74136500000003	505.52443250000005	503.709021	511.04895250000004				0		74.0	1	5			514	-0.6601592857142841	840.5492126190468	501.2273397619048
501.03	507.43	500.75	507.34	19078274	SPY	2024-05-01 15:00:00	505.614365	505.59718250000003	503.67142	510.98140249999994		507.34		0		74.0	1	5			515	-0.6601592857142841	840.5492126190468	500.5671804761905
507.35	508.19	500.08	500.25	27938701	SPY	2024-05-01 16:00:00	505.14186499999994	505.46668250000005	503.55077	510.88935250000003	500.25			0	CN	74.0	1	5			516	-0.6601592857142841	840.5492126190468	499.9070211904762
503.98	507.395	500.35	503.78	461523	SPY	2024-05-02 09:00:00	504.833615	505.5689325	503.48782	510.8016025				0		74.0	1	5			517			
503.77	504.68	501.6604	501.99	7135935	SPY	2024-05-02 10:00:00	504.42436499999997	505.66368250000005	503.44407000000007	510.7071025				0		74.0	1	5			518			
501.98	502.64	499.55	502.44	9826758	SPY	2024-05-02 11:00:00	504.06879	505.7644325	503.41706999999997	510.62007750000004			hammer	0		74.0	1	5			519			
502.45	503.12	501.38	502.765	5501519	SPY	2024-05-02 12:00:00	503.70454	505.8273075	503.39971999999995	510.5362025			hammer	0		74.0	1	5			520			
502.77	502.86	501.32	502.295	5407390	SPY	2024-05-02 13:00:00	503.40979	505.8404325	503.36767	510.44612800000004			hammer	0		74.0	1	5			521			
502.33	504.38	502.3	503.85	5210748	SPY	2024-05-02 14:00:00	503.14575	505.8494325	503.36177000000004	510.36450299999996				0		74.0	1	5			522			
503.86	505.63	503.68	505.45	6612984	SPY	2024-05-02 15:00:00	502.98625000000004	505.92343250000005	503.385255	510.290403				0		74.0	1	5			523			
505.46	505.89	503.86	505.02	15294526	SPY	2024-05-02 16:00:00	502.90675	505.96293249999997	503.3930050000001	510.19965299999996				0		74.0	1	5			524			
506.72	511.51	505.03	510.64	1795346	SPY	2024-05-03 09:00:00	503.17425000000003	506.04918250000003	503.454218	510.137253				0		74.0	1	5			525			
510.63	511.98	502.235	511.57	9366182	SPY	2024-05-03 10:00:00	503.44725	506.1424325	503.530219	510.07890299999997			hammer	0		74.0	1	5			526			
511.59	512.55	508.64	509.17	13403042	SPY	2024-05-03 11:00:00	503.666	506.1521825	503.563919	510.007603				0		74.0	1	5			527			
509.17	510.92	508.56	510.485	8554348	SPY	2024-05-03 12:00:00	504.0882500000001	506.1986825	503.633869	509.94207800000004				0		74.0	1	5			528			
510.48	511.3986	508.98	510.7	5857384	SPY	2024-05-03 13:00:00	504.57775000000004	506.22718249999997	503.687269	509.878828			hammer	0		74.0	1	5			529			
510.71	511.62	510.6	511.3	4739709	SPY	2024-05-03 14:00:00	505.10225	506.2741825	503.74736900000005	509.818428				0		74.0	1	5			530			
511.29	511.99	511.24	511.54	4677122	SPY	2024-05-03 15:00:00	505.61199999999997	506.3276825	503.833769	509.755478				0		74.0	1	5			531			
511.54	511.8499	511.14	511.29	14675051	SPY	2024-05-03 16:00:00	506.16450000000003	506.40393250000005	503.929369	509.696328				0		74.0	1	5			532			
531.08	531.42	529.54	529.54	3498164	SPY	2024-05-23 13:00:00	530.4236	530.077565	524.983823	515.060896				0		77.0	-1	6			533			
529.56	529.84	526.57	526.7	5439068	SPY	2024-05-23 14:00:00	530.2826	529.993815	525.079023	515.196296				0		77.0	-1	6			534			
526.72	526.85	524.85	524.94	8083564	SPY	2024-05-23 15:00:00	530.0116	529.8650650000001	525.1471730000001	515.326196	524.94			0	CN	77.0	-1	6			535			
524.94	526.26	524.72	525.95	16191995	SPY	2024-05-23 16:00:00	529.8106	529.797315	525.225873	515.4585460000001				0		77.0	-1	6			536			
527.37	533.04	525.96	527.465	365779	SPY	2024-05-24 09:00:00	529.68635	529.7514400000001	525.321623	515.598471			inverted_hammer	0		77.0	-1	6			537			
527.48	528.095	526.881	527.202	4809540	SPY	2024-05-24 10:00:00	529.508445	529.712865	525.4237430000001	515.736281				0		77.0	-1	6			538	-0.15433333333333887	614.8706666666696	531.8393333333333
527.25	529.12	527.23	529.03	4418059	SPY	2024-05-24 11:00:00	529.4394500000001	529.710865	525.543893	515.888731				0		77.0	-1	6			539	-0.15433333333333887	614.8706666666696	531.685
529.02	530.27	528.89	529.45	5658230	SPY	2024-05-24 12:00:00	529.34595	529.726365	525.666393	516.050431				0		77.0	-1	6			540	-0.15433333333333887	614.8706666666696	531.5306666666667
529.44	530.01	529.24	529.255	2768483	SPY	2024-05-24 13:00:00	529.2777	529.7379925	525.804893	516.211206			inverted_hammer	0		77.0	-1	6			541	-0.15433333333333887	614.8706666666696	531.3763333333334
529.26	529.87	529.06	529.565	3255510	SPY	2024-05-24 14:00:00	529.1984500000001	529.7591175	525.935458	516.372531				0		77.0	-1	6			542	-0.15433333333333887	614.8706666666696	531.222
529.53	530.1	529.06	529.0899	2992800	SPY	2024-05-24 15:00:00	529.096945	529.7662375	526.052407	516.543382				0		77.0	-1	6			543	-0.15433333333333887	614.8706666666696	531.0676666666666
529.08	529.58	528.28	529.5	8251272	SPY	2024-05-24 16:00:00	529.0364450000001	529.7679875000001	526.179307	516.715382			hammer	0		77.0	-1	6			544	-0.15433333333333887	614.8706666666696	530.9133333333333
530.25	531.22	529.44	530.33	144887	SPY	2024-05-28 09:00:00	529.00982	529.7837375	526.3163069999999	516.877032		530.33		0		77.0	-1	6	531.22	True	545	-0.15433333333333887	614.8706666666696	530.759
530.31	530.51	529.12	529.355	3847983	SPY	2024-05-28 10:00:00	528.9775950000001	529.738415	526.439157	517.0358570000001				0		77.0	-1	6	530.51	False	546	-0.15433333333333887	614.8706666666696	530.6046666666666
529.35	530.16	529.0	529.9179	4100755	SPY	2024-05-28 11:00:00	529.0449900000001	529.705365	526.568237	517.2043715				0		77.0	-1	6			547	-0.15433333333333887	614.8706666666696	530.4503333333333
529.91	530.1	529.361	530.0004	1980429	SPY	2024-05-28 12:00:00	529.0540100000001	529.6803425	526.696341	517.3674235			hammer	0		77.0	-1	6			548	-0.15433333333333887	614.8706666666696	530.2959999999999
530.0	530.295	529.64	529.7375	1890130	SPY	2024-05-28 13:00:00	528.8558850000001	529.64328	526.819616	517.524061				0		77.0	-1	6	530.295	False	549	-0.15433333333333887	614.8706666666696	530.1416666666667
529.7574	529.93	528.51	528.79	3151299	SPY	2024-05-28 14:00:00	528.7973850000001	529.6068675	526.931698	517.660861				0		77.0	-1	6			550	-0.15433333333333887	614.8706666666696	529.9873333333333
528.78	529.35	527.11	528.29	5399565	SPY	2024-05-28 15:00:00	528.7593850000001	529.5667425	527.022948	517.795661				0		77.0	-1	6			551	-0.15433333333333887	614.8706666666696	529.833
528.29	529.9	528.06	529.87	9240765	SPY	2024-05-28 16:00:00	528.698885	529.5629925000001	527.136648	517.946861				0		77.0	-1	6			552	-0.15433333333333887	614.8706666666696	529.6786666666666
526.66	529.81	525.93	526.0096	289128	SPY	2024-05-29 09:00:00	528.522365	529.4729825000001	527.204545	518.0699589999999	526.0096		inverted_hammer	1	CN	77.0	0	6			553	-0.15433333333333887	614.8706666666696	529.5243333333333
526.01	530.4	525.37	526.205	4609309	SPY	2024-05-29 10:00:00	528.497615	529.3901075	527.274595	518.1856339999999			inverted_hammer	0		77.0	1	6			554	-0.15433333333333887	614.8706666666696	529.3699999999999
526.19	527.305	525.86	527.03	4699293	SPY	2024-05-29 11:00:00	528.6021149999999	529.3068575	527.345895	518.294734				0		77.0	1	6			555	-0.15433333333333887	614.8706666666696	529.2156666666666
527.02	527.07	526.03	526.6	2964550	SPY	2024-05-29 12:00:00	528.634615	529.2226075000001	527.4105950000001	518.4060840000001				0		77.0	1	6			556	-0.15433333333333887	614.8706666666696	529.0613333333332
526.61	527.31	525.98	527.0999	3912398	SPY	2024-05-29 13:00:00	528.61636	529.1513550000001	527.468194	518.5156335		527.0999		0		77.0	1	6			557	-0.15433333333333887	614.8706666666696	528.9069999999999
527.1	527.2	526.17	527.01	3597392	SPY	2024-05-29 14:00:00	528.6067599999999	529.0576025	527.514094	518.6207835			hammer	0		77.0	1	6			558			
527.03	527.14	526.05	526.165	3841738	SPY	2024-05-29 15:00:00	528.46351	528.95148	527.570944	518.7229585				0		77.0	1	6			559			
526.165	527.19	525.56	526.11	12593554	SPY	2024-05-29 16:00:00	528.2965099999999	528.82123	527.628394	518.8253085			inverted_hammer	0		77.0	1	6			560			
523.91	526.675	522.69	524.38	604335	SPY	2024-05-30 09:00:00	528.05276	528.66523	527.666894	518.9169085				0		77.0	1	6			561			
524.42	524.99	523.92	524.59	3748018	SPY	2024-05-30 10:00:00	527.8040100000001	528.50123	527.704794	519.008609				0		77.0	1	6			562			
524.61	524.82	523.06	523.41	5076320	SPY	2024-05-30 11:00:00	527.520015	528.3084799999999	527.729573	519.099459	523.41			0	CN	77.0	1	6			563			
523.38	524.38	522.89	523.7	3371557	SPY	2024-05-30 12:00:00	527.230015	528.13323	527.758173	519.199209				0		77.0	1	6			564			
523.715	524.715	523.695	524.669	2545464	SPY	2024-05-30 13:00:00	526.946965	527.9783925	527.781473	519.300929				0		77.0	1	6			565			
524.67	525.2	524.5099	524.78	3534043	SPY	2024-05-30 14:00:00	526.718215	527.847905	527.812323	519.392679		524.78	inverted_hammer	0		77.0	1	6			566			
524.78	524.83	523.6	524.07	4088402	SPY	2024-05-30 15:00:00	526.4258199999999	527.735405	527.840423	519.490879				0		77.0	1	6			567			
524.07	524.22	521.33	522.63	14155297	SPY	2024-05-30 16:00:00	526.0573	527.555655	527.856319	519.576679				0		77.0	1	6			568			
521.72	525.0	520.94	524.625	849350	SPY	2024-05-31 09:00:00	525.8016749999999	527.32878	527.892519	519.701354				0		77.0	1	6			569			
524.61	524.81	522.94	523.15	4291393	SPY	2024-05-31 10:00:00	525.519675	527.15853	527.917131	519.8261040000001				0		77.0	1	6			570			
523.14	523.21	520.23	520.87	7820943	SPY	2024-05-31 11:00:00	525.148675	526.9540300000001	527.916631	519.938404				0		77.0	1	6			571			
520.88	520.94	519.58	519.69	5487969	SPY	2024-05-31 12:00:00	524.639675	526.66928	527.9044309999999	520.035604				0		77.0	1	6			572			
519.69	519.79	518.36	519.53	6225050	SPY	2024-05-31 13:00:00	524.315695	526.41903	527.891131	520.124404	519.53		hammer	0	CF	77.0	1	6			573			
542.71	543.86	538.41	542.59	769765	SPY	2024-07-26 09:00:00	545.0869	548.9423449999999	555.1176419999999	551.4562005			hammer	0		86.0	-1	7			574			
542.62	543.18	540.51	542.9	4954589	SPY	2024-07-26 10:00:00	544.46965	548.690095	554.985242	551.4226504999999			hammer	0		86.0	-1	7			575			
542.88	544.63	541.67	543.42	6564569	SPY	2024-07-26 11:00:00	543.886145	548.497595	554.860492	551.3936004999999				0		86.0	-1	7			576			
543.43	544.96	542.7803	544.85	5783520	SPY	2024-07-26 12:00:00	543.442645	548.342235	554.750492	551.3760505				0		86.0	-1	7			577			
544.86	546.875	544.78	546.7305	5171141	SPY	2024-07-26 13:00:00	543.349645	548.2764999999999	554.64699	551.373303		546.7305		0		86.0	-1	7			578			
546.73	547.19	544.01	544.96	6695517	SPY	2024-07-26 14:00:00	543.259645	548.1650000000001	554.52379	551.3630029999999				0		86.0	-1	7			579	-0.29675824175823856	720.503076923075	548.6800549450548
544.94	545.46	543.38	543.57	4178467	SPY	2024-07-26 15:00:00	543.157645	548.02625	554.3892870000001	551.344953	543.57			0	CN	86.0	-1	7			580	-0.29675824175823856	720.503076923075	548.3832967032967
543.58	545.07	542.725	544.38	11590915	SPY	2024-07-26 16:00:00	543.157145	547.9125	554.254187	551.332103				0		86.0	-1	7			581	-0.29675824175823856	720.503076923075	548.0865384615383
545.1145	547.92	542.335	546.81	238881	SPY	2024-07-29 09:00:00	543.302645	547.775	554.128937	551.340403		546.81		0		86.0	-1	7	547.92	True	582	-0.29675824175823856	720.503076923075	547.7897802197801
546.8	546.8	544.75	546.63	4801189	SPY	2024-07-29 10:00:00	543.440145	547.6242475	553.997237	551.354303			hammer	0		86.0	-1	7			583	-0.29675824175823856	720.503076923075	547.4930219780219
546.64	547.04	544.28	544.35	6128042	SPY	2024-07-29 11:00:00	543.533645	547.3887474999999	553.839837	551.3520030000001				0		86.0	-1	7			584	-0.29675824175823856	720.503076923075	547.1962637362637
544.33	545.8	542.72	545.61	3910635	SPY	2024-07-29 12:00:00	543.753645	547.2349975	553.683337	551.352453				0		86.0	-1	7			585	-0.29675824175823856	720.503076923075	546.8995054945054
545.615	546.78	545.11	546.22	2753165	SPY	2024-07-29 13:00:00	543.97817	547.0522125	553.533137	551.3607995				0		86.0	-1	7			586	-0.29675824175823856	720.503076923075	546.6027472527472
546.21	547.05	544.97	545.4593	2816635	SPY	2024-07-29 14:00:00	544.258235	546.82582	553.3682299999999	551.3682960000001				0		86.0	-1	7	547.05	False	587	-0.29675824175823856	720.503076923075	546.3059890109889
545.47	545.49	544.46	545.14	2607257	SPY	2024-07-29 15:00:00	544.3757350000001	546.583945	553.23493	551.372546			hammer	0		86.0	-1	7			588	-0.29675824175823856	720.503076923075	546.0092307692307
545.15	546.05	544.52	544.76	7974762	SPY	2024-07-29 16:00:00	544.4152349999999	546.3366950000001	553.11513	551.3756960000001				0		86.0	-1	7			589	-0.29675824175823856	720.503076923075	545.7124725274725
545.73	546.16	543.69	545.8	172805	SPY	2024-07-30 09:00:00	544.3992350000001	546.1144449999999	553.009775	551.382746			hammer	0		86.0	-1	7			590	-0.29675824175823856	720.503076923075	545.4157142857143
545.85	547.34	443.63	546.25	4429388	SPY	2024-07-30 10:00:00	544.479985	545.882695	552.912975	551.385721			hammer	0		86.0	-1	7	547.34	False	591	-0.29675824175823856	720.503076923075	545.118956043956
546.24	546.43	543.68	543.85	4517655	SPY	2024-07-30 11:00:00	544.63099	545.605945	552.7798750000001	551.3750709999999				0		86.0	-1	7			592	-0.29675824175823856	720.503076923075	544.8221978021978
543.84	543.99	540.44	540.53	7305174	SPY	2024-07-30 12:00:00	544.7404899999999	545.214195	552.6209749999999	551.3468710000001				0		86.0	-1	7			593	-0.29675824175823856	720.503076923075	544.5254395604395
540.54	541.27	538.79	538.835	4140994	SPY	2024-07-30 13:00:00	544.55274	544.8198199999999	552.434725	551.3155465	538.835			1	CN	86.0	0	7			594	-0.29675824175823856	720.503076923075	544.2286813186813
538.87	541.51	538.515	541.32	3928056	SPY	2024-07-30 14:00:00	544.47374	544.471695	552.2591259999999	551.3022715000001				0		86.0	1	7			595	-0.29675824175823856	720.503076923075	543.9319230769231
541.31	542.66	540.98	541.45	4400224	SPY	2024-07-30 15:00:00	544.3752400000001	544.1306925	552.0616450000001	551.2883965			inverted_hammer	0		86.0	1	7			596	-0.29675824175823856	720.503076923075	543.6351648351648
541.44	543.655	540.77	541.91	10540514	SPY	2024-07-30 16:00:00	544.22824	543.8354425	551.8730519999999	551.2846965000001			inverted_hammer	0		86.0	1	7			597	-0.29675824175823856	720.503076923075	543.3384065934066
547.11	548.99	538.345	548.76	819271	SPY	2024-07-31 09:00:00	544.3297150000001	543.8396799999999	551.744252	551.3090215			hammer	0		86.0	1	7			598	-0.29675824175823856	720.503076923075	543.0416483516483
548.77	549.38	547.5799	548.74	5930129	SPY	2024-07-31 10:00:00	544.518715	543.88918	551.601153	551.3372215			hammer	0		86.0	1	7			599			
548.75	551.28	548.47	550.56	5640471	SPY	2024-07-31 11:00:00	544.868215	544.01293	551.474353	551.3716965				0		86.0	1	7			600			
550.56	551.71	550.28	550.66	3912602	SPY	2024-07-31 12:00:00	545.182215	544.16968	551.381953	551.4032464999999			inverted_hammer	0		86.0	1	7			601			
550.685	551.1	550.1	550.17	2780935	SPY	2024-07-31 13:00:00	545.350215	544.32643	551.266763	551.4393455000001				0		86.0	1	7			602			
550.17	550.98	548.66	550.29	5283567	SPY	2024-07-31 14:00:00	545.5332149999999	544.4866800000001	551.1504630000001	551.4708955			hammer	0		86.0	1	7			603			
550.32	553.5	549.43	553.06	7174544	SPY	2024-07-31 15:00:00	545.9687150000001	544.75118	551.044663	551.5140705				0		86.0	1	7			604			
553.05	553.37	549.23	550.44	22544393	SPY	2024-07-31 16:00:00	546.210215	544.98193	550.911264	551.5423705				0		86.0	1	7			605			
552.145	554.32	548.34	553.5	586066	SPY	2024-08-01 09:00:00	546.574215	545.2761925000001	550.820564	551.5908705		553.5	hammer	0		86.0	1	7			606			
553.46	554.8688	552.09	554.04	5136034	SPY	2024-08-01 10:00:00	547.00325	545.6307425	550.750564	551.6404954999999				0		86.0	1	7			607			
553.99	554.33	547.24	547.47	10669429	SPY	2024-08-01 11:00:00	547.11975	545.7477425	550.602514	551.6567954999999				0		86.0	1	7			608			
547.47	547.68	544.17	544.72	6777013	SPY	2024-08-01 12:00:00	547.1177500000001	545.7664925	550.4348140000001	551.6537955				0		86.0	1	7			609			
544.72	546.4054	543.14	543.74	7568061	SPY	2024-08-01 13:00:00	547.01475	545.7069925	550.247607	551.6486955				0		86.0	1	7			610			
543.73	543.95	540.47	542.56	8077250	SPY	2024-08-01 14:00:00	546.83025	545.6551175	550.0424069999999	551.6371705				0		86.0	1	7			611			
542.54	542.8596	539.43	539.9789	8135530	SPY	2024-08-01 15:00:00	546.6366949999999	545.6338425	549.809896	551.61434				0		86.0	1	7			612			
539.975	543.47	539.7	543.04	17604541	SPY	2024-08-01 16:00:00	546.762195	545.7513425	549.608996	551.60194				0		86.0	1	7			613			
537.21	552.535	533.06	534.68	2696148	SPY	2024-08-02 09:00:00	546.554445	545.5535925	549.3203960000001	551.54674			inverted_hammer	0		86.0	1	7			614			
553.99	554.33	547.24	547.47	10669429	SPY	2024-08-01 11:00:00	547.11975	545.7477425	550.602514	551.6567954999999				0		88.0	-1	8			615			
547.47	547.68	544.17	544.72	6777013	SPY	2024-08-01 12:00:00	547.1177500000001	545.7664925	550.4348140000001	551.6537955				0		88.0	-1	8			616			
544.72	546.4054	543.14	543.74	7568061	SPY	2024-08-01 13:00:00	547.01475	545.7069925	550.247607	551.6486955				0		88.0	-1	8			617			
543.73	543.95	540.47	542.56	8077250	SPY	2024-08-01 14:00:00	546.83025	545.6551175	550.0424069999999	551.6371705				0		88.0	-1	8			618			
542.54	542.8596	539.43	539.9789	8135530	SPY	2024-08-01 15:00:00	546.6366949999999	545.6338425	549.809896	551.61434				0		88.0	-1	8			619			
539.975	543.47	539.7	543.04	17604541	SPY	2024-08-01 16:00:00	546.762195	545.7513425	549.608996	551.60194				0		88.0	-1	8			620	-2.090000000000032	1846.3466666666868	550.5466666666671
537.21	552.535	533.06	534.68	2696148	SPY	2024-08-02 09:00:00	546.554445	545.5535925	549.3203960000001	551.54674			inverted_hammer	0		88.0	-1	8			621	-2.090000000000032	1846.3466666666868	548.4566666666669
534.66	536.99	533.89	534.13	8846485	SPY	2024-08-02 10:00:00	546.194945	545.3343425	549.029599	551.48684			inverted_hammer	0		88.0	-1	8			622	-2.090000000000032	1846.3466666666868	546.366666666667
534.13	534.96	529.02	529.26	14129671	SPY	2024-08-02 11:00:00	545.5854449999999	544.9803425	548.6767990000001	551.40319				0		88.0	-1	8			623	-2.090000000000032	1846.3466666666868	544.2766666666671
529.27	532.82	528.6	532.18	11568307	SPY	2024-08-02 12:00:00	545.098945	544.6635924999999	548.350149	551.3379649999999				0		88.0	-1	8			624	-2.090000000000032	1846.3466666666868	542.186666666667
532.19	533.52	530.57	531.255	6730058	SPY	2024-08-02 13:00:00	544.223695	544.276705	548.071692	551.26594				0		88.0	-1	8			625	-2.090000000000032	1846.3466666666868	540.0966666666668
531.24	532.02	529.66	530.2212	6076139	SPY	2024-08-02 14:00:00	543.2977549999999	543.908235	547.7751539999999	551.188146				0		88.0	-1	8			626	-2.090000000000032	1846.3466666666868	538.0066666666669
530.22	532.41	529.54	530.91	6042142	SPY	2024-08-02 15:00:00	542.315255	543.591735	547.501754	551.115746				0		88.0	-1	8			627	-2.090000000000032	1846.3466666666868	535.916666666667
530.9	533.17	530.52	532.98	15844514	SPY	2024-08-02 16:00:00	541.431255	543.306735	547.247354	551.048896				0		88.0	-1	8			628	-2.090000000000032	1846.3466666666868	533.8266666666668
521.1092	532.9	507.8	510.92	5168263	SPY	2024-08-05 09:00:00	539.468755	542.409485	546.7768540000001	550.8657959999999	510.92			0	CF	88.0	-1	8			629	-2.090000000000032	1846.3466666666868	531.7366666666667
510.83	536.975	510.27	515.22	26742917	SPY	2024-08-05 10:00:00	537.7152550000001	541.624235	546.3558969999999	550.701621			inverted_hammer	0		88.0	-1	8			630	-2.090000000000032	1846.3466666666868	529.6466666666668
515.25	520.93	510.945	516.43	17758817	SPY	2024-08-05 11:00:00	535.883755	540.926235	545.945697	550.540621				0		88.0	-1	8			631	-2.090000000000032	1846.3466666666868	527.5566666666668
516.41	521.95	515.35	520.4201	12655625	SPY	2024-08-05 12:00:00	534.3827600000001	540.2964875	545.580398	550.4041215		520.4201		0		88.0	-1	8			632	-2.090000000000032	1846.3466666666868	525.4666666666667
520.41	523.58	518.44	518.91	10257827	SPY	2024-08-05 13:00:00	532.65326	539.6137375	545.1819879999999	550.2670214999999			inverted_hammer	0		88.0	-1	8	523.58	True	633	-2.090000000000032	1846.3466666666868	523.3766666666666
518.9	520.88	518.25	519.06	8462392	SPY	2024-08-05 14:00:00	530.90426	538.953755	544.784138	550.1321714999999			inverted_hammer	0		88.0	-1	8	520.88	False	634	-2.090000000000032	1846.3466666666868	521.2866666666666
519.04	519.4	515.61	515.72	9839265	SPY	2024-08-05 15:00:00	529.3167599999999	538.218255	544.372638	549.9852715	515.72			1	CF	88.0	0	8	519.4	False	635	-2.090000000000032	1846.3466666666868	519.1966666666667
515.73	517.75	514.88	517.41	28962982	SPY	2024-08-05 16:00:00	527.9512599999999	537.534505	544.017338	549.8518715				0		88.0	1	8			636	-2.090000000000032	1846.3466666666868	517.1066666666666
521.45	525.59	517.38	519.47	627784	SPY	2024-08-06 09:00:00	526.73776	536.8762549999999	543.669138	549.7225215				0		88.0	1	8			637	-2.090000000000032	1846.3466666666868	515.0166666666664
519.46	522.44	517.87	521.8858	10183902	SPY	2024-08-06 10:00:00	525.70405	536.2671499999999	543.351496	549.6081005				0		88.0	1	8			638	-2.090000000000032	1846.3466666666868	512.9266666666665
521.89	526.51	519.5	525.39	10818794	SPY	2024-08-06 11:00:00	524.974605	535.80565	543.0815960000001	549.5183005				0		88.0	1	8			639	-2.090000000000032	1846.3466666666868	510.8366666666666
525.39	526.03	522.39	525.9	6976406	SPY	2024-08-06 12:00:00	524.117605	535.4399	542.813996	549.4254255			hammer	0		88.0	1	8			640			
525.9	528.05	525.51	527.63	5026395	SPY	2024-08-06 13:00:00	523.7651050000001	535.159775	542.5513960000001	549.338428				0		88.0	1	8			641			
527.63	528.45	527.06	527.93	5948471	SPY	2024-08-06 14:00:00	523.455105	534.825025	542.300796	549.253478		527.93		0		88.0	1	8			642			
527.92	529.75	526.9	527.47	6821900	SPY	2024-08-06 15:00:00	523.365605	534.475525	542.064296	549.167053			inverted_hammer	0		88.0	1	8			643			
527.51	527.65	521.97	522.19	22457750	SPY	2024-08-06 16:00:00	522.8661050000001	533.982525	541.775552	549.051153	522.19			0	CF	88.0	1	8			644			
527.84	529.07	521.25	528.3599	604254	SPY	2024-08-07 09:00:00	522.72135	533.4725225	541.565552	548.9767525			hammer	0		88.0	1	8			645			
528.32	531.19	518.615	531.01	6870352	SPY	2024-08-07 10:00:00	522.76079	533.0292724999999	541.381452	548.9061775		531.01	hammer	0		88.0	1	8			646			
531.04	531.59	528.28	530.415	7369311	SPY	2024-08-07 11:00:00	522.73604	532.5256475	541.194402	548.8294525			hammer	0		88.0	1	8			647			
530.47	531.15	527.08	528.02	4968742	SPY	2024-08-07 12:00:00	522.48804	531.9596475000001	540.985302	548.7413025000001				0		88.0	1	8			648			
528.03	528.08	524.65	525.075	5787914	SPY	2024-08-07 13:00:00	523.19579	531.3322725	540.712952	548.6366775				0		88.0	1	8			649			
525.065	525.38	521.49	522.04	7932135	SPY	2024-08-07 14:00:00	523.53679	530.6260225	540.406751	548.5105025				0		88.0	1	8			650			
522.03	522.21	518.83	519.5066	10600320	SPY	2024-08-07 15:00:00	523.6906200000001	529.7871875	540.064117	548.3698355				0		88.0	1	8			651			
519.45	522.1	518.0519	518.65	15223689	SPY	2024-08-07 16:00:00	523.6021149999999	528.9924374999999	539.733017	548.2182355	518.65		inverted_hammer	0	CF	88.0	1	8			652			
516.617	523.49	516.2	522.4	2056725	SPY	2024-08-08 09:00:00	523.776615	528.2149375	539.4217030000001	548.0879855				0		88.0	1	8			653			
522.51	530.45	519.14	525.04	7330160	SPY	2024-08-08 10:00:00	524.075615	527.4899375	539.126953	547.9652854999999				0		88.0	1	8			654			
525.05	528.45	524.66	528.2	8479035	SPY	2024-08-08 11:00:00	524.699615	527.0081875	538.860803	547.857233				0		88.0	1	8			655			
